SMILES,molweight,molweight_bounds,tpsa,tpsa_bounds,logp,logp_bounds,all_bounds
Cc1ccc(C)c(Oc2c(C(=O)N3CCNCC3)c3ncccc3n2-c2ccccc2)c1,430.1805041960001,False,59.39,True,4.310720000000004,False,False
COCCCOc1cccc(-n2c(Oc3ccccc3)c(C(=O)N3CCNCC3)c3ccccc32)c1,410.210661452,True,40.510000000000005,True,4.443800000000004,False,False
O=C(c1c(Oc2ccccc2)n(-c2ccccc2)c2ccccc12)N1CCNCC1Cc1ccccc1,396.195011388,True,50.16,True,3.6617000000000015,True,True
Cc1cccc(C)c1Oc1c(C(=O)N2CCNCC2)c2ccccc2n1-c1ccccc1,430.1805041960001,False,59.39,True,4.310720000000005,False,False
O=C(c1c(Cc2ccccc2)n(-c2ccccc2)c2ccncc12)N1CCNCC1,428.20123964,False,50.16,True,4.109220000000004,False,False
O=C(c1c(Oc2ccccc2F)n(-c2ccccc2)c2cccnc12)N1CCNCC1,434.15543232,False,59.39,True,4.141400000000003,False,False
O=C(c1c(Cc2ccccc2)n(-c2ccccc2)c2ccccc12)N1CCNCC1,412.189926008,True,59.39000000000001,True,4.171620000000003,False,False
O=C(c1c(Oc2cc(F)ccc2F)n(-c2ccccc2)c2cccnc12)N1CCNCC1,470.23179082,False,68.62,False,4.495040000000004,False,False
O=C(c1c(Oc2ccccc2)n(-c2ccccc2)c2ccccc12)N1CCCNCC1,427.18959166,False,55.73,True,4.476800000000003,False,False
CC(c1ccccc1)c1c(C(=O)N2CCNCC2)c2ncccc2n1-c1ccccc1,498.22670544,False,85.69000000000001,False,4.411740000000004,False,False
O=C(c1c(Oc2ccccc2)n(-c2ccccc2)c2ncccc12)N1CCNCC1,388.226311516,True,40.510000000000005,True,3.6662000000000026,True,True
Cc1ccccc1Oc1c(C(=O)N2CCNCC2)c2cnccc2n1-c1ccccc1,397.179026976,True,46.5,True,4.468200000000003,False,False
Cc1ccccc1Oc1c(C(=O)N2CCNCC2)c2ccccc2n1-c1ccccc1,426.2055760720001,False,59.39000000000001,True,4.480040000000003,False,False
Cc1c(F)cccc1Cc1c(C(=O)N2CCNCC2)c2cccnc2n1-c1ccccc1,458.2118043240001,False,59.39000000000001,True,4.117820000000003,False,False
Cc1cccc(C)c1Oc1c(C(=O)N2CCNCC2)c2ccncc2n1-c1ccccc1,447.15136825600007,False,37.27,False,5.059200000000004,False,False
Cc1ccccc1Cc1c(C(=O)N2CCNCC2)c2cnccc2n1-c1ccccc1,412.1899260080001,True,59.39000000000001,True,4.171620000000003,False,False
O=C(c1c(Cc2ccccc2)n(-c2ccccc2)c2cnccc12)N1CCNCC1,411.1946770400001,True,46.5,True,4.776620000000005,False,False
COCCCOc1ccccc1-n1c(Oc2ccccc2)c(C(=O)N2CCNCC2)c2ccccc21,446.268176328,False,59.39,True,5.384540000000006,False,False
Cc1ccccc1Oc1c(C(=O)N2CCNCC2)c2ccncc2n1-c1ccccc1,456.216140756,False,79.62,False,3.840940000000003,True,False
COc1ccc(-n2c(Cc3cccc(F)c3C)c(C(=O)N3CCNCC3)c3ccccc32)cn1,440.221226136,False,59.39,True,4.868540000000004,False,False
Cc1c(F)cccc1Oc1c(C(=O)N2CCNCC2)c2cccnc2n1-c1ccccc1,428.20123964,False,50.16,True,4.109220000000004,False,False
CN(c1ccccc1)c1c(C(=O)N2CCNCC2)c2ccccc2n1-c1ccccc1,430.1805041960001,False,59.39,True,4.310720000000004,False,False
Cc1c(F)cccc1Cc1c(C(=O)N2CCNCC2)c2ccccc2n1C1CCCCC1,429.1852552280001,False,46.5,True,4.915720000000006,False,False
COCC1CN(C(=O)c2c(Oc3c(C)cccc3C)n(C3CCCCC3)c3cccnc23)CCN1,398.174275944,True,59.39,True,3.863200000000002,True,True
Cc1ccccc1Oc1c(C(=O)N2CCNCC2)c2ncccc2n1-c1ccccc1,419.2372908,True,37.27,False,4.840120000000004,False,False
O=C(c1c(Oc2cc(F)ccc2Cl)n(-c2ccccc2)c2cccnc12)N1CCNCC1,426.205576072,False,59.39,True,4.480040000000004,False,False
Cc1ccc(F)cc1Oc1c(C(=O)N2CCNCC2)c2ncccc2n1-c1ccccc1,428.20123964,False,50.16,True,4.109220000000004,False,False
CCC1CN(C(=O)c2c(Oc3c(C)cccc3C)n(-c3ccccc3)c3cccnc23)CCN1,448.14661722400007,False,50.16,True,4.454200000000004,False,False
CC1(C)CN(C(=O)c2c(Oc3ccccc3)n(-c3ccccc3)c3ccccc23)CCN1,427.18959166,False,66.72999999999999,False,3.829100000000003,True,False
Cc1c(F)cccc1Oc1c(C(=O)N2CCNCC2)c2ccccc2n1-c1ccccc1,434.1554323200001,False,59.39000000000001,True,4.141400000000004,False,False
O=C(c1c(Cc2cccc(F)c2F)n(-c2ccccc2)c2cccnc12)N1CCNCC1,430.1805041960001,False,59.39,True,4.310720000000005,False,False
Cc1ccccc1Oc1c(C(=O)N2CCNCC2)c2cccnc2n1-c1ccccc1,416.1648541320001,True,59.39000000000001,True,4.002300000000003,False,False
Cc1c(F)cccc1Cc1c(C(=O)N2CCNCC2)c2cnccc2n1-c1ccccc1,415.1696051640001,True,46.5,True,4.607300000000004,False,False
Cc1ccc(F)cc1Oc1c(C(=O)N2CCNCC2)c2ccccc2n1-c1ccccc1,485.2314564720001,False,64.96,False,4.883500000000005,False,False
Cc1cccc(Oc2c(C(=O)N3CCNCC3)c3ccccc3n2-c2ccccc2)c1,411.1946770400001,True,46.5,True,4.776620000000005,False,False
CCCCC1CN(C(=O)c2c(Oc3c(C)cccc3C)n(-c3ccccc3)c3cccnc23)CCN1,444.19615426000007,False,70.39,False,3.8148200000000014,True,False
Cc1c(F)cccc1Oc1c(C(=O)N2CCNCC2)c2cnccc2n1-c1ccccc1,476.278741012,False,68.62,False,5.011040000000005,False,False
COc1ccccc1Oc1c(C(=O)N2CCNCC2)c2ccccc2n1-c1ccccc1,430.1805041960001,False,59.39,True,4.310720000000005,False,False
O=C(c1c(Oc2cccc(F)c2F)n(-c2ccccc2)c2cccnc12)N1CCNCC1,427.1718334200001,False,37.27,False,5.135520000000006,False,False
Cc1c(F)cccc1Cc1c(C(=O)N2CCNCC2)c2ccccc2n1-c1ccc(O)nc1,516.252526264,False,59.39,True,6.091340000000006,False,False
O=C(c1c(Oc2ccccc2)n(-c2ccccn2)c2ccccc12)N1CCNCC1,412.1899260080001,True,59.39000000000001,True,4.171620000000003,False,False
CCCC1CN(C(=O)c2c(Oc3c(C)cccc3C)n(-c3ccccc3)c3cccnc23)CCN1,450.12588178,False,59.39,True,4.655700000000004,False,False
O=C(c1c(Oc2ccccc2F)n(-c2ccccc2)c2ncccc12)N1CCNCC1,411.19467704,True,46.5,True,4.858300000000003,False,False
Cc1ccccc1Cc1c(C(=O)N2CCNCC2)c2ncccc2n1-c1ccccc1,410.21066145200007,True,50.16,True,3.9701200000000014,True,True
Cc1ccc(F)cc1Oc1c(C(=O)N2CCNCC2)c2ccncc2n1-c1ccccc1,430.1805041960001,False,59.39,True,4.310720000000005,False,False
Cc1cccc(C)c1Oc1c(C(=O)N2CCNC(C)C2)c2ncccc2n1C1CCCCC1,468.252526264,False,59.39,True,5.5046400000000055,False,False
O=C(c1c(Cc2ccccc2)n(-c2ccccc2)c2ncccc12)N1CCNCC1,425.210327104,False,46.5,True,5.246800000000005,False,False
Cc1ccccc1Sc1c(C(=O)N2CCNCC2)c2ccccc2n1-c1ccccc1,415.169605164,True,46.5,True,4.607300000000003,False,False
Cc1cccc(C)c1Sc1c(C(=O)N2CCNCC2)c2ncccc2n1-c1ccccc1,425.2103271040001,False,46.5,True,5.085040000000006,False,False
Cc1c(F)cccc1Cc1c(C(=O)N2CCNCC2)c2ccccc2n1-c1ccccc1,432.252526264,False,59.39,True,4.996040000000004,False,False
CNC(=O)CC1CN(C(=O)c2c(Oc3c(C)cccc3C)n(-c3ccccc3)c3cccnc23)CCN1,430.1805041960001,False,59.39,True,4.310720000000005,False,False
O=C(c1c(N2CCCCC2)n(-c2ccccc2)c2ccccc12)N1CCNCC1,412.1899260080001,True,59.39000000000001,True,4.171620000000003,False,False
Cc1cccc(C)c1Oc1c(C(=O)N2CCNCC2Cc2ccccc2)c2ncccc2n1-c1ccccc1,482.268176328,False,59.39,True,6.038840000000006,False,False
COC(=O)CC1CN(C(=O)c2c(Oc3c(C)cccc3C)n(-c3ccccc3)c3cccnc23)CCN1,432.17616776400007,False,50.16,True,3.9399000000000033,True,False
CC1CN(C(=O)c2c(Oc3ccccc3)n(-c3ccccc3)c3ccccc23)CCN1,427.205990672,False,37.27,False,4.714220000000005,False,False
Cc1cccc(C)c1Oc1c(C(=O)N2CCNC(CO)C2)c2ncccc2n1C1CCCCC1,426.205576072,False,59.39,True,4.480040000000004,False,False
Cc1cccc(F)c1Oc1c(C(=O)N2CCNCC2)c2ncccc2n1-c1ccccc1,454.2368762,False,59.39,True,5.258640000000005,False,False
Cc1cccc(C)c1Oc1c(C(=O)N2CCNC(C)C2)c2ncccc2n1-c1ccccc1,396.195011388,True,50.16,True,3.6617000000000015,True,True
O=C(c1c(Oc2cccc(C(F)(F)F)c2)n(-c2ccccc2)c2ccccc12)N1CCNCC1,428.20123964,False,50.16,True,4.109220000000004,False,False
Cc1c(F)cccc1Cc1c(C(=O)N2CCNCC2)c2ncccc2n1-c1ccccc1,433.252940864,False,37.27,False,5.2302200000000045,False,False
O=C(c1c(Cc2c(F)cccc2Cl)n(-c2ccccc2)c2ccncc12)N1CCNCC1,487.225977168,False,46.50000000000001,True,6.079500000000006,False,False
Cc1c(F)cccc1Cc1c(C(=O)N2CCNCC2)c2ccccc2n1C1CCOCC1,465.1664116040001,False,46.5,True,5.487000000000005,False,False
Cc1cccc(F)c1Oc1c(C(=O)N2CCNCC2)c2ccccc2n1-c1ccccc1,411.19467704,True,46.5,True,4.856700000000004,False,False
Cc1c(F)cccc1Cc1c(C(=O)N2CCNCC2)c2ccncc2n1-c1ccccc1,398.174275944,True,59.39,True,3.863200000000004,True,True
Cc1c(F)cccc1Cc1c(C(=O)N2CCNCC2)c2ccccc2n1C1CCCC1,396.195011388,True,50.16,True,3.6617000000000015,True,True
Cc1ccc(F)cc1Oc1c(C(=O)N2CCNCC2)c2cccnc2n1-c1ccccc1,429.1852552280001,False,46.5,True,4.915720000000006,False,False
O=C(c1c(Cc2c(F)cccc2Cl)n(-c2ccccc2)c2ccccc12)N1CCNCC1,416.1648541320001,True,59.39000000000001,True,4.002300000000003,False,False
Cc1c(F)cccc1Oc1c(C(=O)N2CCNCC2)c2ncccc2n1-c1ccccc1,410.210661452,True,50.16,True,4.222700000000003,False,False
O=C(c1c(Oc2ccccc2)n(-c2ccccc2)c2ccccc12)N1CCNC(CO)C1,462.263090948,False,79.62,False,4.356940000000004,False,False
O=C(c1c(Cc2ccccc2)n(-c2ccccc2)c2cccnc12)N1CCNCC1,435.23220542,False,46.5,True,4.076520000000003,False,False
O=C(c1c(Oc2ccccc2)n(-c2ccccc2)c2ccccc12)N1CCNCC1,497.24268985200007,False,88.49000000000001,False,3.984740000000002,True,False
O=C(c1c(Oc2cccc(F)c2)n(-c2ccccc2)c2ccccc12)N1CCNCC1,442.182732452,False,50.16,True,4.838940000000005,False,False
COCC1CN(C(=O)c2c(Oc3c(C)cccc3C)n(-c3ccccc3)c3cccnc23)CCN1,395.19976242,True,37.27,False,4.266700000000004,False,False
Cc1ccc(F)cc1Oc1c(C(=O)N2CCNCC2)c2cnccc2n1-c1ccccc1,485.231456472,False,64.96000000000001,False,4.883500000000005,False,False
Cc1cccc(C)c1Oc1c(C(=O)N2CCNCC2)c2ncccc2n1C1CCCCC1,396.195011388,True,50.16,True,3.6617000000000015,True,True
Cc1cccc(C)c1Oc1c(C(=O)N2CCNC(CO)C2)c2ncccc2n1-c1ccccc1,468.252526264,False,59.39,True,5.648740000000005,False,False
Cc1cccc(F)c1Oc1c(C(=O)N2CCNCC2)c2cccnc2n1-c1ccccc1,410.21066145200007,True,50.16,True,3.9701200000000014,True,True
Cc1cccc(C)c1Oc1c(C(=O)N2CCNC(C(C)C)C2)c2ncccc2n1-c1ccccc1,430.1805041960001,False,59.39,True,4.310720000000005,False,False
Cc1cccc(C)c1Oc1c(C(=O)N2CCNCC2)c2ncccc2n1-c1ccccc1,430.1805041960001,False,59.39,True,4.310720000000004,False,False
O=C(c1c(Oc2ccccc2)n(-c2ccc(F)cc2)c2ccccc12)N1CCNCC1,429.1852552280001,False,46.5,True,4.915720000000006,False,False
Nc1nccc2sc(CN3CCC(NS(=O)(=O)c4cc5ccccc5s4)C3=O)cc12,458.0541034,False,105.39,False,3.1726,True,False
CC(C)N1CCC(NC(=O)c2cc3cc(C(=O)O)ccc3n2CCNC(=O)c2cccc(Cl)c2)CC1,510.2033832,False,103.67,False,4.0255,False,False
O=C(NC1CCN(CC(F)(F)F)CC1)c1cc2ccccc2n1Cc1cc(-c2ccc(Cl)s2)on1,522.1104093,False,63.3,False,5.816,False,False
CNC(=O)c1cc(C(=O)NC2CCN(C(C)C)CC2)n(Cc2cc(-c3ccc(Cl)s3)on2)n1,490.1553874,False,105.29,False,3.2635,True,False
CC(C)N1CCC(NC(=O)c2cc3cc(OCC(=O)O)ccc3n2Cc2cc(-c3ccc(Cl)s3)on2)CC1,556.1547187,False,109.83,False,5.1255,False,False
O=C(Nc1ccc(-c2c[nH]cn2)cc1)c1nn(Cc2cc(-c3ccc(Cl)s3)on2)c2ccccc12,500.0822225,False,101.63,False,6.0969,False,False
CC(C)(Oc1ccc2c(c1)cc(C(=O)NC1CCN(C3CC3)CC1)n2CC(=O)Nc1ccc(Cl)cn1)C(=O)O,553.2091968,False,125.79,False,3.927,True,False
CC(C)N1CCC(NC(=O)c2cc(C(=O)N3CCC4(CCCC4)CC3)nn2Cc2cc(-c3ccc(Cl)s3)on2)CC1,598.2492878,False,96.5,False,5.7003,False,False
CC(C)N1CCC(NS(=O)(=O)CCNC(=O)c2ccc(Cl)s2)CC1,393.0947613,True,78.51,False,1.9235,False,False
COC(=O)c1cc(NC(=O)CCNC(=O)c2ccc(Cl)s2)ccc1N1CCOCC1=O,465.076134,False,114.04,False,2.3099,True,False
O=C(NCC(NC1CCCCC1)C(=O)Nc1ccc(N2CCOCC2=O)cc1)c1ccc(Cl)s1,504.1598041,False,99.77,False,3.4241,True,False
CCN1CCC(NC(=O)c2cc3ccccc3n2Cc2cc(-c3ccc(Cl)s3)on2)C1,454.1230247,False,63.3,False,4.8835,False,False
COc1nccc(-c2ccc(S(=O)(=O)NC3CCN(Cc4cccc(C(=N)N)c4)C3=O)s2)n1,486.1143952,False,151.36,False,1.57717,False,False
CCNC(=O)C1CN(S(=O)(=O)c2cc3ccc(Cl)cc3s2)CC(=O)N1Cc1ccc2c(N)ccnc2c1,557.0958239,False,125.7,False,3.2229,True,False
Cc1nc(-c2ncc(C(=O)NC3CCN(C(C)C)CC3)n2Cc2cc(-c3ccc(Cl)s3)on2)cs1,530.1325438,False,89.08,False,5.33582,False,False
CC(C)N1CCC(NC(=O)c2cnc(C3CC3)n2Cc2cc(-c3ccc(Cl)s3)on2)CC1,473.1652238,False,76.19,False,4.7813,False,False
COCCOCc1cc(C(=O)NC2CCN(C(C)C)CC2)n(CC(=O)Nc2ccc(Cl)cn2)n1,492.2251812,False,110.61,False,2.3358,True,False
COCCOc1cccc2c1nc(C(=O)Nc1ccc(N3CCOCC3=O)cc1)n2CC(=O)Nc1ccc(Cl)cn1,578.1680603,False,136.91,False,3.3641,True,False
CCS(=O)(=O)c1ncc(C(=O)NC2CCN(C(C)C)CC2)n1Cc1cc(-c2ccc(Cl)s2)on1,525.1271241,False,110.33,False,3.6975,True,False
Cc1cc(Br)cnc1NC(=O)Cn1c(C(=O)NC2CCN(C(C)C)CC2)nc2c(OCCO)cccc21,572.1746656,False,121.61,False,3.11462,True,False
COC(=O)c1cccc2c1nc(C(=O)NC1CCN(C(C)C)CC1)n2Cc1cc(-c2ccc(Cl)s2)on1,541.1550531,False,102.49,False,4.8437,False,False
O=C(O)c1ccc2c(c1)nc(C(=O)NC1CCN(C3CC3)CC1)n2Cc1cc(-c2ccc(Cl)s2)on1,525.1237529,False,113.49,False,4.5093,False,False
CC(C)N1CCC(NC(=O)c2cc(C(=O)NCCS(N)(=O)=O)nn2Cc2cc(-c3ccc(Cl)s3)on2)CC1,583.1438367,False,165.45,False,1.9222,False,False
CC(C)N1CCC(NC(=O)c2cn(Cc3cc(-c4ccc(Cl)s4)on3)cn2)CC1,433.1339237,False,76.19,False,3.9039,True,False
O=C(O)c1ccc2c(c1)cc(C(=O)NC1CCN(c3ccncc3)CC1)n2Cc1cc(-c2ccc(Cl)s2)on1,561.1237529,False,113.49,False,5.5515,False,False
CC(C)N1CCC(NC(=O)c2cc3cc(C(=O)OCC4COC(=O)O4)ccc3n2Cc2cc(-c3ccc(Cl)s3)on2)CC1,626.160198,False,125.13,False,5.3543,False,False
COCCOc1cccc2c1cc(C(=O)NC1CCN(C(C)C)CC1)n2Cc1cccc(OC)c1,479.2784067,False,64.96,False,4.326,False,False
CC(C)N1CCC(NC(=O)c2cc(C(=O)N3CC(C(=O)O)C3)nn2Cc2cc(-c3ccc(Cl)s3)on2)CC1,560.1608667,False,133.8,False,3.0605,True,False
COc1ccc(-c2ccc(C(=O)NCCc3ccc4[nH]cc(C(=N)N)c4c3)cc2)cn1,413.185175,True,116.88,False,3.49507,True,False
N=C(N)c1ccc(O)c(CN2CCC(NS(=O)(=O)c3cc4cnccc4s3)C2=O)c1,445.0878461,False,149.47,False,1.36537,False,False
CC(C)N1CCC(NC(=O)c2cc(C(=O)O)nn2Cc2cc(-c3ccc(Cl)s3)on2)CC1,477.1237529,False,113.49,False,3.6021,True,False
O=C(Cn1c(C(=O)NC2CCN(C3CC3)CC2)nc2c(C(=O)O)cccc21)Nc1ccc(Cl)cn1,496.162581,False,129.45,False,2.7782,True,False
CC(C)OC(=O)c1c(C(=O)NC2CCN(C(C)C)CC2)n(Cc2cc(-c3ccc(Cl)s3)on2)c2ccccc12,568.1911042,False,89.6,False,6.2273,False,False
O=C1CN(S(=O)(=O)c2cc3ccc(Cl)nc3s2)CCN1Cc1nc(-c2ccncc2)cs1,505.0103801,False,96.36,False,3.5013,True,False
COc1cccc(Cn2nc(C(=O)O)cc2C(=O)NC2CCN(C(C)C)CC2)c1,400.2110554,True,96.69,False,2.2408,True,False
COCCOc1ccc2c(c1)cc(C(=O)NC1CCN(C(C)C)CC1)n2Cc1cc2ccc(Cl)cc2s1,539.2009406,False,55.73,True,6.1855,False,False
CC(C)NCC1CN(S(=O)(=O)c2cc3ccc(Cl)cc3s2)CC(=O)N1Cc1ccc2c(N)ncnc2c1,558.1274584,False,121.52,False,3.4798,True,False
O=C1CN(S(=O)(=O)c2cc3ccc(Cl)cc3s2)CCN1Cc1nc(C(=O)N2CCCC2)cs1,524.0413458,False,90.89,False,3.2803,True,False
CC(C)(C)OC(=O)N1CCC(NS(=O)(=O)CCNC(=O)c2ccc(Cl)s2)CC1,451.1002406,False,104.81,False,2.4502,True,False
COc1ccc(NC(=O)Cn2c(C(=O)NC3CCN(C(C)C)CC3)cc3ccccc32)cc1,448.2474409,False,75.6,False,3.8912,True,False
N=C(N)c1ccc(N)c(CN2CCC(NS(=O)(=O)c3ccc(-c4cccs4)s3)C2=O)c1,475.0806525,False,142.37,False,2.42227,True,False
CC(C)N1CCC(NC(=O)c2cc(C(=O)NS(C)(=O)=O)nn2Cc2cc(-c3ccc(Cl)s3)on2)CC1,554.1172876,False,139.43,False,2.5933,True,False
COc1cccc(Cn2c(C(=O)NC3CCN(C(C)C)CC3)nc3c(C(=O)O)cccc32)c1,450.2267054,False,96.69,False,3.394,True,False
O=C(CCNC(=O)c1ccc(Cl)s1)Nc1ccc(NCCOCCO)cc1CO,441.1125195,False,119.92,False,2.0732,True,False
CC(C)N1CCC(NC(=O)c2nn(Cc3cc(-c4ccc(Cl)s4)on3)c3cccc(-c4noc(=O)[nH]4)c23)CC1,567.145551,False,135.08,False,4.4004,False,False
CC(C)N1CCC(NC(=O)c2nc3c(OCCO)cccc3n2CC(=O)Nc2ccc(Cl)cn2)CC1,514.2095312,False,121.61,False,2.6971,True,False
CC(C)N1CCC(NC(=O)c2nc3c(C(=O)NCCO)cccc3n2Cc2cc(-c3ccc(Cl)s3)on2)CC1,570.1816022,False,125.52,False,3.7792,True,False
CC(C)N1CCC(NC(=O)c2nn(Cc3cc(-c4ccc(Cl)s4)on3)c3ccc(C(=O)N4CCC4C(=O)O)cc23)CC1,610.1765168,False,133.8,False,4.3562,False,False
O=C(O)c1ccc2nc(C(=O)NC3CCN(C4CC4)CC3)n(Cc3cc(-c4ccc(Cl)s4)no3)c2c1,525.1237529,False,113.49,False,4.5093,False,False
Nc1ncnc2cc(CN3C(=O)CN(S(=O)(=O)c4cc5ccc(Cl)cc5s4)CC3C(=O)OCCN3CCCC3)ccc12,628.1329377,False,139.03,False,3.1208,True,False
CC(C)N1CCC(NC(=O)c2cc3cc(C(=O)O)cnc3n2Cc2cc(-c3ccc(Cl)s3)on2)CC1,527.139403,False,113.49,False,4.7553,False,False
COCCOc1ccc2c(c1)cc(C(=O)NC1CCN(C(C)C)CC1)n2CC(=O)Nc1ccc(Cl)cn1,527.2299322,False,97.72,False,3.9562,True,False
CC(C)N1CCC(NS(=O)(=O)CCNC(=O)c2ccc(Br)o2)CC1,421.0670893,False,91.65,False,1.5641,False,False
CC(C)N1CCC(NC(=O)c2nc3cccnc3n2Cc2cc(-c3ccc(Cl)s3)on2)CC1,484.1448227,False,89.08,False,4.4521,False,False
CC(C)NC1CCN(C(=O)c2cc3ccnc(OCC4CC4)c3n2Cc2cc(-c3ccc(Cl)s3)on2)CC1,553.1914386,False,85.42,False,5.8459,False,False
CC(C)N1CCC(N(C)S(=O)(=O)CCNC(=O)c2ccc(Cl)s2)CC1,407.1104114,True,69.72,False,2.2657,True,False
CCOC(=O)COc1ccc2c(c1)cc(C(=O)NC1CCN(C(C)C)CC1)n2Cc1cc(-c2ccc(Cl)s2)on1,584.1860188,False,98.83,False,5.604,False,False
NC(=O)N1CCN(C(=O)c2nc3ccccc3n2Cc2cc(-c3ccc(Cl)s3)on2)CC1,470.0927871,False,110.49,False,3.291,True,False
CC(C)N1CCC(NC(=O)c2nc3ccnc(OCCO)c3n2Cc2cc(-c3ccc(Cl)s3)on2)CC1,544.1659521,False,118.54,False,3.8232,True,False
CC(C)N1CCC(NC(=O)c2nc3ccc(C(=O)O)cc3n2Cc2cnc(-c3ccc(Cl)s3)s2)CC1,543.1165594,False,100.35,False,5.2238,False,False
CC(C)N1CCC(NC(=O)c2cc(CO)nn2CC(=O)Nc2ccc(Cl)cn2)CC1,434.1833164,False,112.38,False,1.6651,False,False
CC(C)N1CCC(CNC(=O)c2cc3ccccc3n2CC(=O)Nc2ccc(Cl)cc2)CC1,466.2135539,False,66.37,False,4.7836,False,False
COC(=O)OC(C)OC(=O)c1cccc2c1cc(C(=O)NC1CCN(C(C)C)CC1)n2Cc1cc(-c2ccc(Cl)s2)on1,628.1758481,False,125.13,False,5.9479,False,False
Nc1nccc2ccc(C3(O)CCN(C(=O)c4ccc(-c5ccc(=O)[nH]c5)cc4)CC3)cc12,440.1848406,False,112.31,False,3.2961,True,False
O=C(Cn1nc(C(=O)Nc2ccc(N3CCCC3=O)cc2)c2ccccc21)Nc1ccc(Cl)cn1,488.1363662,False,109.22,False,4.1025,False,False
CC(C)N1CCC(N2C(=O)CC(CNC(=O)c3ccc(Cl)s3)S2(=O)=O)CC1,433.0896759,False,86.79,False,1.9348,False,False
CC(OC(=O)OC1CCCCC1)OC(=O)c1cccc2c1nc(C(=O)NC1CCN(C(C)C)CC1)n2Cc1cc(-c2ccc(Cl)s2)on1,697.2336973,False,138.02,False,7.0458,False,False
CC(C)N1CCC(NC(=O)c2cc3cc(C(=O)N4CC(O)C4)ccc3n2Cc2cc(-c3ccc(Cl)s3)on2)CC1,581.1863532,False,103.84,False,4.4788,False,False
CC(C)N1CCC(NC(=O)c2nc3c(C(=O)N4CCCOCC4)scc3n2CC(=O)Nc2ccc(Cl)cn2)CC1,587.2081512,False,121.69,False,3.25,True,False
N=C(N)c1ccc(N)c(CN2CCC(NS(=O)(=O)c3cc4ncccc4s3)C2=O)c1,444.1038305,False,155.26,False,1.24197,False,False
CC(C)N1CCC(NC(=O)c2cc3cc(C(=O)N4CCCOCC4)ccc3n2CC(=O)Nc2ccc(Cl)nc2)CC1,580.2564813,False,108.8,False,3.7935,True,False
CC(C)N1CCC(NC(=O)c2nc3cc(C(=O)N4CC(O)C4)ccc3n2CC(=O)Nc2ccc(Cl)cn2)CC1,553.2204302,False,132.69,False,2.1427,True,False
COC(=O)c1cc(C(=O)NC2CCN(C(C)C)CC2)nn1Cc1cc(-c2ccc(Cl)s2)on1,491.139403,False,102.49,False,3.6905,True,False
CC(C)N1CCC(NC(=O)c2cc3cc(OCCO)ccc3n2CC(=O)Nc2ccc(Br)cn2)CC1,557.1637666,False,108.72,False,3.4112,True,False
CC(C)N1CCC(NS(=O)(=O)CCNC(=O)c2ccc(Br)s2)CC1,437.0442457,False,78.51,False,2.0326,True,False
CC(C)N1CCC(NC(=O)c2cc3cc(C(=O)OCCN4CCCC4=O)ccc3n2Cc2cc(-c3ccc(Cl)s3)on2)CC1,637.2125679,False,109.91,False,5.4413,False,False
CC(C)N1CCC(NC(=O)c2cc3cc(C(=O)OCC4CCOC4)ccc3n2Cc2cc(-c3ccc(Cl)s3)on2)CC1,610.2016689,False,98.83,False,5.8554,False,False
O=C(Nc1ccc(C(=O)N2CCOCC2)cc1)c1nn(Cc2cc(-c3ccc(Cl)s3)on2)c2ccccc12,547.1081029,False,102.49,False,5.1792,False,False
CC(C)OCCNCC1CN(S(=O)(=O)c2cc3ccc(Cl)cc3s2)CC(=O)N1Cc1ccc2c(N)ncnc2c1,602.1536732,False,130.75,False,3.4964,True,False
CC(C)N1CCC(NC(=O)c2cc3c(C(=O)OCOC(=O)C(C)(C)C)cccc3n2Cc2cc(-c3ccc(Cl)s3)on2)CC1,640.2122336,False,115.9,False,6.3657,False,False
O=C(NCc1cccnc1)c1cc(OCCc2ccc(Cl)cc2Cl)cc(C(=O)NCC2CCN(c3ccncc3)CC2)c1,617.1960453,False,96.45,False,5.9813,False,False
COCCOCc1cc(C(=O)NC2CCN(C(C)C)CC2)n(Cc2cc(-c3ccc(Cl)s3)on2)n1,521.1863532,False,94.65,False,4.0669,False,False
CC(C)N1CCC(NC(=O)c2cc3ccccc3n2CC(=O)Nc2ccc(Cl)s2)CC1,458.1543248,False,66.37,False,4.5975,False,False
CCN1CCC(NC(=O)c2cc3ccnc(OCC4CC4)c3n2Cc2cc(-c3ccc(Cl)s3)on2)CC1,539.1757885,False,85.42,False,5.4574,False,False
O=C(NCC(NC1CCC1)C(=O)Nc1ccc(N2CCOCC2=O)c(C(F)F)c1)c1ccc(Cl)s1,526.1253104,False,99.77,False,3.5815,True,False
CC(C)N1CCC(NC(=O)c2nc3cc(C(=O)N(C)CCO)ccc3n2Cc2cc(-c3ccc(Cl)s3)on2)CC1,584.1972522,False,116.73,False,4.1214,False,False
O=C(NCC1CCN(c2ccncc2)CC1)c1cc(OCCc2ccc(Cl)cc2Cl)cc(C(=O)NC2CCC2)c1,580.2007963,False,83.56,False,5.9386,False,False
CC(C)N1CCC(NC(=O)c2cc(OCC(F)F)n(CC(=O)Nc3ccc(Cl)cn3)n2)CC1,484.1801228,False,101.38,False,2.8167,True,False
CC(C)N1CCC(NC(=O)c2cc(C(=O)NCC(=O)O)nn2CC(=O)Nc2ccc(Cl)cn2)CC1,505.1840447,False,158.55,False,0.9872,False,False
CC(C)N1CCC(NC(=O)c2nc3c(n2Cc2cc(-c4ccc(Cl)s4)on2)CCCC3C(=O)O)CC1,531.1707031,False,113.49,False,4.4084,False,False
COCCOCCOc1cc(C(=O)NC2CCN(C(C)C)CC2)n(CC(=O)Nc2ccc(Cl)cn2)n1,522.2357459,False,119.84,False,2.2146,True,False
CC(C)N1CCC(NC(=O)c2nc(C(=O)OCC(=O)OC(C)(C)C)cn2Cc2cc(-c3ccc(Cl)s3)on2)CC1,591.1918325,False,128.79,False,4.4024,False,False
CC(C)N1CCC(NC(=O)c2nn(Cc3cc(-c4ccc(Cl)s4)on3)c3ccc(C(=O)NCCS(C)(=O)=O)cc23)CC1,632.1642378,False,139.43,False,3.8315,True,False
COCCOC(=O)c1cc(C(=O)NC2CCN(C(C)C)CC2)n(CC(=O)Nc2ccc(Cl)cn2)n1,506.2044458,False,127.68,False,1.976,False,False
COc1ccc(-c2ccc(C(=O)N3CCC(c4ccc5ccnc(N)c5c4)CC3)c(F)c2)cn1,456.1961543,False,81.34,False,5.0465,False,False
CC(OC(=O)OC1CCCCC1)OC(=O)c1ccc2c(c1)cc(C(=O)NC1CCN(C(C)C)CC1)n2Cc1cc(-c2ccc(Cl)s2)on1,696.2384483,False,125.13,False,7.6508,False,False
CC(C)N1CCC(NC(=O)c2c(CC(=O)Nc3ccc(Cl)cc3)c3ccccc3n2C)CC1,466.2135539,False,66.37,False,4.6155,False,False
CCOC(=O)C1CCN(c2ccc(NC(=O)CCNC(=O)c3ccc(Cl)s3)cc2)CC1,463.133255,False,87.74,False,3.9396,True,False
CC(C)OC(=O)CNC(=O)c1cc(C(=O)NC2CCN(C(C)C)CC2)n(CC(=O)Nc2ccc(Cl)cn2)n1,547.2309949,False,147.55,False,1.8542,False,False
COCCOc1nccc2c1nc(C(=O)NC1CCN(C(C)C)CC1)n2Cc1nnc(-c2ccc(Cl)s2)s1,575.1540075,False,107.29,False,4.3408,False,False
O=C(NC1CN(c2ccncc2)C1)c1cc2ccccc2n1Cc1cc(-c2ccc(Cl)s2)on1,489.1026236,False,76.19,False,5.0731,False,False
CC(C)N1CCC(NC(=O)c2cc3nc(C(=O)O)ccc3n2Cc2cc(-c3ccc(Cl)s3)on2)CC1,527.139403,False,113.49,False,4.7553,False,False
CC(C)N1CCC(NC(=O)c2nn(Cc3cc(-c4ccc(Cl)s4)on3)c3ccc(C(=O)NCC(=O)O)cc23)CC1,584.1608667,False,142.59,False,3.8715,True,False
O=C(CCNC(=O)c1ccc(Cl)s1)Nc1ccc(N2CCOCC2=O)nc1,408.0659037,True,100.63,False,1.9183,False,False
CCOC(=O)CN(C(=O)c1cc2c(C(F)(F)F)cccc2n1Cc1cc(-c2ccc(Cl)s2)on1)C1CCN(C(C)C)CC1,636.1784888,False,80.81,False,6.9564,False,False
O=C(Cn1c(C(=O)NC2CCN(C3CC3)CC2)nc2c(C(=O)OCC3CC3)cccc21)Nc1ccc(Cl)cn1,550.2095312,False,118.45,False,3.6468,True,False
CC(C)N1CCC(NC(=O)c2cc3ccccc3n2CC(=O)Nc2ccccc2)CC1,418.2368762,True,66.37,False,3.8826,True,False
O=C(CCNC(=O)c1ccc(Cl)s1)Nc1ccc(N2CCOCC2=O)c(F)c1,425.0612329,False,87.74,False,2.6624,True,False
CC(C)N1CCC(NC(=O)c2cc(C(=O)N3CCCC3C(F)(F)F)nn2Cc2cc(-c3ccc(Cl)s3)on2)CC1,598.1740722,False,96.5,False,5.0708,False,False
N=C(N)c1ccc(N)c(CN2CCC(NS(=O)(=O)c3ccc(-c4ccon4)s3)C2=O)c1,460.0987451,False,168.4,False,1.34877,False,False
CC(C)CN1CCC(NC(=O)c2cc3ccccc3n2Cc2cc(-c3ccc(Cl)s3)on2)CC1,496.1699748,False,63.3,False,5.9097,False,False
CC(OC(=O)OC1CCCCC1)OC(=O)c1cccc2c1nc(C(=O)NC1CCN(C(C)C)CC1)n2CC(=O)Nc1ccc(Cl)cn1,668.2725253,False,153.98,False,5.3147,False,False
CC(C)N1CCC(NC(=O)c2nn(CC(=O)Nc3ccc(Cl)cn3)c3ccccc23)CC1,454.1884018,False,92.15,False,3.326,True,False
O=C(NCCS(=O)(=O)NC1CCN(c2ccncc2)CC1)c1ccc(Cl)s1,428.0743602,False,91.4,False,2.1147,True,False
Nc1ccc2ccc(CN3CCC(NS(=O)(=O)c4cc5ccccc5s4)C3=O)cc2n1,452.0976825,False,105.39,False,3.1111,True,False
CC(C)N1CCC(NC(=O)c2cc3cc(C(=O)OCCO)ccc3n2Cc2cc(-c3ccc(Cl)s3)on2)CC1,570.1703688,False,109.83,False,4.8112,False,False
CC(C)N1CCC(NC(=O)c2nc3cc(C(=O)N4CC(O)C4)ccc3n2Cc2cc(-c3ccc(Cl)s3)on2)CC1,582.1816022,False,116.73,False,3.8738,True,False
O=C(NC1CC1)c1csc(CN2CCN(S(=O)(=O)c3cc4ccc(Cl)nc4s3)CC2=O)n1,511.0209447,False,112.57,False,2.3315,True,False
CC(C)C(NC(=O)c1cc(C(=O)NC2CCN(C(C)C)CC2)n(Cc2cc(-c3ccc(Cl)s3)on2)n1)C(=O)O,576.1921668,False,142.59,False,3.7429,True,False
CCOCC(O)COc1ccc2c(c1)nc(C(=O)NC1CCN(C(C)C)CC1)n2CC(=O)Nc1ccc(Cl)cn1,572.251396,False,130.84,False,3.1022,True,False
CC(C)N1CCC(NC(=O)c2cc3c(Cl)cccc3n2Cc2cc(-c3ccc(Cl)s3)on2)CC1,516.1153524,False,63.3,False,6.3155,False,False
CC(C)N1CCC(NC(=O)c2cc(C(=O)N3CCC(O)C3)nn2Cc2cc(-c3ccc(Cl)s3)on2)CC1,546.1816022,False,116.73,False,3.1107,True,False
COC(=O)c1ccc2c(C(=O)NC3CCN(C(C)C)CC3)nn(Cc3cc(-c4ccc(Cl)s4)on3)c2c1,541.1550531,False,102.49,False,4.8437,False,False
O=C(NCCS(=O)(=O)NC1CCN(C(=O)c2ccncc2)CC1)c1ccc(Cl)s1,456.0692748,False,108.47,False,1.7505,False,False
CC(C)N1CCC(NC(=O)c2cc(C(=O)NC(C(=O)O)c3ccccc3)nn2CC(=O)Nc2ccc(Cl)cn2)CC1,581.2153448,False,158.55,False,2.7285,True,False
CC(C)N1CCC(NC(=O)c2nc3cc(S(=O)(=O)CCO)ccc3n2CC(=O)Nc2ccc(Cl)cn2)CC1,562.1765168,False,146.52,False,2.092,True,False
CC(C)C(NC(=O)c1cc(C(=O)NC2CCN(C(C)C)CC2)n(CC(=O)Nc2ccc(Cl)cn2)n1)C(=O)O,547.2309949,False,158.55,False,2.0118,True,False
O=C(NCCS(=O)(=O)NC1CCN(C(=O)C2CC2)CC1)c1ccc(Cl)s1,419.0740259,True,95.58,False,1.4517,False,False
CNC(=O)c1cc(C(=O)NC2CCN(C(C)C)CC2)nn1Cc1cc(-c2ccc(Cl)s2)on1,490.1553874,False,105.29,False,3.2635,True,False
COc1cccc(-c2ccc(S(=O)(=O)NC3CCN(Cc4cccc(C(=N)N)c4)C3=O)cc2)n1,479.1627253,False,138.47,False,2.12067,True,False
CC(C)N1CCC(NC(=O)c2nc3cccc(C(=O)O)c3n2Cc2cc3ccc(Cl)cc3s2)CC1,510.1492394,False,87.46,False,5.2535,False,False
CC(C)N1CCC(NC(=O)c2nc3cc(S(=O)(=O)CCO)ccc3n2Cc2cc(-c3ccc(Cl)s3)on2)CC1,591.1376887,False,130.56,False,3.8231,True,False
CC(C)N1CCC(NC(=O)c2cc(-c3nnc(O)o3)nn2Cc2cc(-c3ccc(Cl)s3)on2)CC1,517.1299009,False,135.34,False,3.6595,True,False
CC(C)N1CCC(NC(=O)c2nc(C(=O)N3CC(O)C3)cn2Cc2cc(-c3ccc(Cl)s3)on2)CC1,532.1659521,False,116.73,False,2.7206,True,False
COC(=O)c1cnc2c(c1)cc(C(=O)NC1CCN(C(C)C)CC1)n2Cc1cc(-c2ccc(Cl)s2)on1,541.1550531,False,102.49,False,4.8437,False,False
O=C(O)C1CN(S(=O)(=O)c2cc3ccc(Cl)cc3s2)CC(=O)N1Cc1cc2cnccc2[nH]1,504.0328893,False,123.67,False,2.9173,True,False
O=C(O)c1ccc2c(c1)cc(C(=O)NC1CCN(C3CC3)CC1)n2Cc1cc(-c2ccc(Cl)s2)on1,524.128504,False,100.6,False,5.1143,False,False
CC(C)N1CCC(NC(=O)c2cc3cc(C(=O)NCCO)ccc3n2CC(=O)Nc2ccc(Cl)cn2)CC1,540.2251812,False,128.59,False,2.6531,True,False
O=C(Cn1c(C(=O)Nc2ccc(-n3ccc(=O)cc3)cc2)nc2ccccc21)Nc1ccc(Cl)cn1,498.1207161,False,110.91,False,4.1266,False,False
CC(C)N1CCC(NC(=O)c2nc3c(C(=O)N4CCOCC4)cccc3n2CC(=O)Nc2ccc(Cl)cn2)CC1,567.2360802,False,121.69,False,2.7984,True,False
Nc1ncnc2cc(CN3CCN(S(=O)(=O)c4cc5ccc(Cl)cc5[nH]4)CC3=O)ccc12,470.0927871,False,125.28,False,2.3798,True,False
O=C(NCC(NC1CC1)C(=O)Nc1ccc(N2CCOCC2=O)c(C(F)F)c1)c1ccc(Cl)s1,512.1096603,False,99.77,False,3.1914,True,False
O=C(Nc1ccc(-n2ccncc2=O)cc1)c1nc2ccccc2n1Cc1cc(-c2ccc(Cl)s2)on1,528.0771371,False,107.84,False,5.2527,False,False
O=C1C(NS(=O)(=O)c2cc3ncccc3s2)CCN1Cc1cc2ccncc2[nH]1,427.0772814,False,108.05,False,2.252,True,False
COC(=O)c1cccc2c1nc(C(=O)Nc1ccc(C(=O)N3CCCC3)cc1F)n2CC(=O)Nc1ccc(Cl)cn1,578.1480738,False,135.52,False,4.1374,False,False
CN1CCC(NC(=O)c2cc3ccccc3n2Cc2cc(-c3ccc(Cl)s3)on2)CC1,454.1230247,False,63.3,False,4.8835,False,False
CCCN1CCC(NC(=O)c2cc3ccccc3n2Cc2cc(-c3ccc(Cl)s3)on2)CC1,482.1543248,False,63.3,False,5.6637,False,False
CC(C)N1CCC(NC(=O)c2nc3c(C(=O)N4CC(O)C4)cccc3n2CCc2ccc(Cl)cc2)CC1,523.2350176,False,90.7,False,3.3517,True,False
CC(C)N1CCC(NC(=O)c2nc3ccc(S(=O)(=O)CCO)cc3n2CC(=O)Nc2ccc(Cl)cn2)CC1,562.1765168,False,146.52,False,2.092,True,False
COCCOc1cccc2nc(C(=O)NC3CCN(C(C)C)CC3)n(CC(=O)Nc3ccc(Br)cn3)c12,572.1746656,False,110.61,False,3.4603,True,False
O=C(CCNC(=O)c1ccc(Cl)s1)Nc1ccc(N2CCOCC2=O)c(C(=O)O)c1,451.060484,False,125.04,False,2.2215,True,False
COC(=O)C1CN(S(=O)(=O)c2cc3ccc(Cl)cc3[nH]2)CC(=O)N1Cc1ccc2c(N)ncnc2c1,528.0982665,False,151.58,False,1.9214,False,False
CCOC(=O)CN(C(=O)c1cc2c(Cl)cccc2n1Cc1cc(-c2ccc(Cl)s2)on1)C1CCN(C(C)C)CC1,602.1521319,False,80.81,False,6.591,False,False
CC(C)N1CCC(NC(=O)c2nn(Cc3cc(-c4ccc(Cl)s4)on3)c3ccc(C(=O)O)cc23)CC1,527.139403,False,113.49,False,4.7553,False,False
COCC1CCC(COC)N1C(=O)c1cc(C(=O)NC2CCN(C(C)C)CC2)n(Cc2cc(-c3ccc(Cl)s3)on2)n1,618.239117,False,114.96,False,4.1699,False,False
CC(C)N1CCC(NC(=O)c2nc3cc(C(=O)O)ccc3n2CCc2ccc(Cl)cc2)CC1,468.1928185,False,87.46,False,4.2332,False,False
O=C1C(NS(=O)(=O)c2cc3ccc(Cl)cc3s2)CCN1Cc1cc2cnccc2[nH]1,460.0430601,False,95.16,False,3.5104,True,False
O=C(c1nc2ccccc2n1Cc1cc(-c2ccc(Cl)s2)on1)N(Cc1cc(-c2ccc(Cl)s2)on1)c1ccc(-n2ncccc2=O)cc1,725.0473495,False,125.08,False,8.2173,False,False
COC(=O)c1ccc2c(c1)c(C(=O)NC1CCN(C(C)C)CC1)nn2CC(=O)Nc1ccc(Cl)cn1,512.1938811,False,118.45,False,3.1126,True,False
CC(C)N1CCC(NC(=O)c2cc3c(C(=O)N4CC(O)C4)cccc3n2Cc2cc(-c3ccc(Cl)s3)on2)CC1,581.1863532,False,103.84,False,4.4788,False,False
O=C(NCC1CCN(c2ccncc2)CC1)c1cc(OCCc2ccc(Cl)cc2Cl)cc(C(=O)N2CCCC2)c1,580.2007963,False,74.77,False,5.8923,False,False
O=C(NCCS(=O)(=O)NC1CCNCC1)c1ccc(Cl)s1,351.0478111,True,87.3,False,0.8027,False,False
O=C(Nc1ccc(N2CCOC2=O)cc1)c1nc2ccccc2n1Cc1cc(-c2ccc(Cl)s2)on1,519.0768027,False,102.49,False,5.6634,False,False
COC(=O)c1cc(N2CCOCC2=O)ccc1NC(=O)CCNC(=O)c1ccc(Cl)s1,465.076134,False,114.04,False,2.3099,True,False
COCc1ncc(C(=O)NC2CCN(C(C)C)CC2)n1Cc1cc(-c2ccc(Cl)s2)on1,477.1601384,False,85.42,False,4.0503,False,False
O=C(Cn1nc(C(=O)Nc2ccc(C(=O)N3CCOCC3)cc2)c2ccccc21)Nc1ccc(Cl)cn1,518.1469309,False,118.45,False,3.4481,True,False
O=C1C(NS(=O)(=O)c2cc3ccc(Cl)cc3s2)CCN1CCNc1ccncc1,450.0587101,False,91.4,False,2.941,True,False
COCCOc1cc2cc(C(=O)NC3CCN(C(C)C)CC3)n(CC(=O)Nc3ccc(C(F)(F)F)cn3)c2cn1,562.2515382,False,110.61,False,3.7166,True,False
Nc1ccnc2cc(CN3CCC(NS(=O)(=O)c4cc5ccc(Cl)cc5s4)C3=O)ccc12,486.0587101,False,105.39,False,3.7645,True,False
Nc1ncnc2cc(CN3C(=O)CN(S(=O)(=O)c4cc5ccc(Cl)cc5s4)CC3CN3CCC(N4CCCC4)CC3)ccc12,653.2009577,False,115.97,False,4.042,False,False
CC(C)N1CCC(NC(=O)c2cc3cc(C(=O)N4CCCC4CO)ccc3n2Cc2cc(-c3ccc(Cl)s3)on2)CC1,609.2176533,False,103.84,False,5.259,False,False
Cc1nc(-c2nc(C(=O)NC3CCN(C(C)C)CC3)cn2Cc2cc(-c3ccc(Cl)s3)on2)cs1,530.1325438,False,89.08,False,5.33582,False,False
O=C(c1cc2ccccc2n1Cc1cc(-c2ccc(Cl)s2)on1)N1CCC(N2CCCC2=O)CC1,508.1335893,False,71.58,False,5.2865,False,False
Nc1nccc2ccc(C3CCN(C(=O)c4ccc(-c5cccnc5)cc4F)CC3)cc12,426.1855896,False,72.11,False,5.0379,False,False
NC(=O)C1CN(S(=O)(=O)c2cc3ccc(Cl)cc3s2)CC(=O)N1Cc1ccc2c(N)ncnc2c1,530.0597728,False,152.58,False,1.9671,False,False
COCC1CN(S(=O)(=O)c2cc3ccc(Cl)cc3[nH]2)CC(=O)N1Cc1ccc2c(N)ncnc2c1,514.1190019,False,134.51,False,2.3948,True,False
COc1cccc(Cn2c(C(=O)NC3CCN(C(C)C)CC3)nc3c(C(=O)N4CC(O)C4)cccc32)c1,505.2689046,False,99.93,False,2.5125,True,False
Cc1c(C(=O)NC2CCN(C(C)C)CC2)n(Cc2cc(-c3ccc(Cl)s3)on2)c2nccnc12,498.1604728,False,89.08,False,4.76052,False,False
CC(C)N1CCC(NC(=O)c2cc3cc(OCCO)ncc3n2CC(=O)Nc2ccc(Cl)cn2)CC1,514.2095312,False,121.61,False,2.6971,True,False
CC(C)N1CCC(NC(=O)c2nn(Cc3cc(-c4ccc(Cl)s4)on3)c3ccc(C(=O)OCCO)cc23)CC1,571.1656177,False,122.72,False,4.2062,False,False
CC(C)N1CCC(NC(=O)c2cnc(-c3cccnc3)n2Cc2cc(-c3ccc(Cl)s3)on2)CC1,510.1604728,False,89.08,False,4.9659,False,False
CC(C)N1CCC(NC(=O)c2cc3cc(C(=O)N4CCCOCC4)ccc3n2CC(=O)Nc2ccc(Cl)cn2)CC1,580.2564813,False,108.8,False,3.7935,True,False
CCOC(=O)OC(C)OC(=O)c1cccc2c1nc(C(=O)NC1CCN(C(C)C)CC1)n2Cc1cc(-c2ccc(Cl)s2)on1,643.1867471,False,138.02,False,5.733,False,False
CCOC(=O)c1ncc(C(=O)NC2CCN(C(C)C)CC2)n1Cc1cc(-c2ccc(Cl)s2)on1,531.1707031,False,113.49,False,4.4084,False,False
COc1cccc(Cn2ccnc2C(=O)NCC2CCN(C(C)C)CC2)c1,505.1550531,False,102.49,False,4.0806,False,False
CC(C)N1CCC(NC(=O)c2cc3cc(C(=O)N4CCC(F)(F)CC4)ccc3n2CC(=O)Nc2ccc(Cl)cn2)CC1,370.2368762,True,59.39,True,2.7902,True,True
CC(C)N1CCC(N(CC(=O)O)C(=O)c2cc3c(Cl)cccc3n2Cc2cc(-c3ccc(Cl)s3)on2)CC1,600.2427231,False,99.57,False,4.8023,False,False
Nc1nc(CNC(=O)c2cc3ccccc3n2Cc2cc(-c3ccc(Cl)s3)on2)c[nH]1,574.1208317,False,91.81,False,6.1125,False,False
CC(C)N1CCC(NC(=O)c2cc(C(=O)N3CCC(F)(F)CC3)nn2Cc2cc(-c3ccc(Cl)s3)on2)CC1,452.0822225,False,114.76,False,4.2948,False,False
CC(C)N1CCC(NC(=O)c2cc(C(=O)NCC(F)(F)F)nn2Cc2cc(-c3ccc(Cl)s3)on2)CC1,580.183494,False,96.5,False,4.7752,False,False
CC(C)N1CCC(NC(=O)c2nn(Cc3cc(-c4ccc(Cl)s4)on3)c3cccc(C#N)c23)CC1,558.142772,False,105.29,False,4.196,False,False
CC(C)N1CCC(NC(=O)c2cc(NCC(F)F)nn2CC(=O)Nc2ccc(Cl)cn2)CC1,508.1448227,False,99.98,False,4.92878,False,False
CC(C)N1CCC(NC(=O)c2cc(C(=O)NC3CCS(=O)(=O)C3)nn2Cc2cc(-c3ccc(Cl)s3)on2)CC1,483.1961073,False,104.18,False,2.8498,True,False
COC(=O)c1cc(C(=O)NC2CCN(C(C)C)CC2)cn1CC(=O)Nc1ccc(Cl)cn1,594.1485878,False,139.43,False,2.8208,True,False
Nc1nccc2ccc(CN3CCC(NS(=O)(=O)c4cc(-c5cccnc5)cs4)C3=O)cc12,461.1829821,False,105.56,False,2.5644,True,False
CC(C)N1CCC(NC(=O)c2cc(C(=O)O)n(Cc3cc(-c4ccc(Cl)s4)on3)c2)CC1,479.1085815,False,118.28,False,3.0199,True,False
CC(C)N1CCC(NC(=O)c2cc3c(C(=O)O)cccc3n2Cc2cc(-c3ccc(Cl)s3)on2)CC1,476.128504,False,100.6,False,4.2071,False,False
O=C(Cn1nc(C(=O)Nc2ccc(C(=O)N3CCCCC3)cc2)c2ccccc21)Nc1ccc(Cl)cn1,526.144154,False,100.6,False,5.3603,False,False
COCC1CCCN1C(=O)c1cc(C(=O)NC2CCN(C(C)C)CC2)n(Cc2cc(-c3ccc(Cl)s3)on2)n1,516.1676663,False,109.22,False,4.6018,False,False
C#Cc1ccc(C(=O)NCCC(=O)Nc2ccc(N3CCOCC3=O)cc2)cc1,574.2129023,False,105.73,False,4.1549,False,False
CC(C)N1CCC(NC(=O)c2ccc(-c3ccccc3)n2Cc2cc(-c3ccc(Cl)s3)on2)CC1,391.1532062,True,87.74,False,1.7897,False,False
CC(C)N1CCC(NC(=O)c2nc3c(n2Cc2cc(-c4ccc(Cl)s4)on2)C(C(=O)O)CCC3)CC1,508.1699748,False,63.3,False,6.1759,False,False
Cc1oc(=O)oc1COC(=O)c1ccc2c(c1)c(C(=O)NC1CCN(C(C)C)CC1)nn2Cc1cc(-c2ccc(Cl)s2)on1,531.1707031,False,113.49,False,4.4084,False,False
CC(C)N1CCC(NC(=O)c2cc(C(=O)N3CCCOCC3)cn2CC(=O)Nc2ccc(Cl)cn2)CC1,639.155447,False,145.84,False,5.26872,False,False
CC(C)N1CCC(NC(=O)c2cc3cc(C(=O)N(C)CCO)ccc3n2Cc2cc(-c3ccc(Cl)s3)on2)CC1,530.2408313,False,108.8,False,2.6403,True,False
CS(=O)(=O)c1ccccc1-c1ccc(NC(=O)c2cc3ccccc3n2CC(=O)Nc2ccc(Cl)cn2)cc1,583.2020032,False,103.84,False,4.7264,False,False
CC(C)N1CCC(NC(=O)c2cc(C(=O)N3CCSC3)nn2Cc2cc(-c3ccc(Cl)s3)on2)CC1,558.1128539,False,110.16,False,5.6512,False,False
O=C(Nc1ccc(N2CCCC2=O)cc1)c1cc2ccnc(OCC3CC3)c2n1Cc1cc(-c2ccc(Cl)s2)on1,548.1431085,False,96.5,False,4.0504,False,False
O=C(NC1CCN(c2ccnc(Cl)n2)CC1)c1cc2ccccc2n1Cc1cc(-c2ccc(Cl)s2)on1,587.139403,False,102.49,False,6.6224,False,False
COc1ccc(-c2ccc(C(=O)N3CCC(c4cccc(C(=N)N)c4)CC3)cc2)cn1,552.0902003,False,89.08,False,5.9017,False,False
CC(OC(=O)OC1CCCCC1)OC(=O)c1ccc2c(c1)nc(C(=O)NC1CCN(C(C)C)CC1)n2Cc1cc(-c2ccc(Cl)s2)on1,414.2055761,True,92.3,False,4.06107,False,False
CC(C)N1CCC(NC(=O)c2cc(C(=O)N(CCO)CCO)nn2Cc2cc(-c3ccc(Cl)s3)on2)CC1,697.2336973,False,138.02,False,7.0458,False,False
CC(C)N1CCC(NC(=O)c2nc3c(C(=O)O)cccc3n2Cc2n[nH]c3ccc(Cl)cc23)CC1,564.1921668,False,136.96,False,2.3307,True,False
Nc1ncnc2ccc(CN3CCN(S(=O)(=O)c4cc5ccc(Cl)cc5s4)CC3=O)cc12,494.1833164,False,116.14,False,3.9151,True,False
N=C(N)c1ccc(O)c(C=CCNC(=O)c2ccc(-c3cccc(S(N)(=O)=O)c3)cc2)c1,487.0539591,False,109.49,False,3.1132,True,False
CC(C)N1CCC(NC(=O)c2nc3cc(C(=O)OCCO)ccc3n2Cc2cc(-c3ccc(Cl)s3)on2)CC1,450.1361762,False,159.36,False,2.43387,True,False
CC(C)N1CCC(NC(=O)c2nc3c(C(=O)N4CC(O)C4)cccc3n2CC(=O)Nc2ccc(Cl)cn2)CC1,571.1656177,False,122.72,False,4.2062,False,False
O=C(Cn1c(C(=O)NC2CCN(C3CC3)CC2)cc2cc(OCCO)ccc21)Nc1ccc(Cl)cn1,553.2204302,False,132.69,False,2.1427,True,False
COCc1nc(C(=O)NC2CCN(C(C)C)CC2)cn1Cc1cc(-c2ccc(Cl)s2)on1,511.1986321,False,108.72,False,3.0561,True,False
CC(C)N1CCC(NC(=O)c2cc3cc(OCCOCCO)ccc3n2CC(=O)Nc2ccc(Cl)cn2)CC1,477.1601384,False,85.42,False,4.0503,False,False
COC(=O)c1ccc2c(c1)nc(C(=O)NC1CCN(C(C)C)CC1)n2Cc1cc(-c2ccc(Cl)s2)on1,557.2404969,False,117.95,False,3.3187,True,False
CONC(=O)c1cc(C(=O)NC2CCN(C(C)C)CC2)n(Cc2cc(-c3ccc(Cl)s3)on2)n1,541.1550531,False,102.49,False,4.8437,False,False
CC(C)N1CCC(NC(=O)c2nc3ccccc3n2CC(=O)Nc2ccc(Cl)cn2)CC1,506.150302,False,114.52,False,3.1951,True,False
CC(C)N1CCC(NC(=O)c2cc3cc(C(=O)O)ccc3n2CC(=O)Nc2ccc(Cl)cn2)CC1,454.1884018,False,92.15,False,3.326,True,False
CC(C)CC1CN(S(=O)(=O)c2cc3ccc(Cl)cc3[nH]2)CC(=O)N1Cc1ccc2c(N)ncnc2c1,497.1829821,False,116.56,False,3.6292,True,False
O=C(O)c1ccc2c(c1)nc(C(=O)NC1CCN(C3CC3)CC1)n2Cc1cc(-c2ccc(Cl)s2)no1,526.1553874,False,125.28,False,3.7945,True,False
COCCOCCn1c(C(=O)NC2CCN(C(C)C)CC2)cc2cc(OCc3cc(-c4ccc(Cl)s4)on3)ccc21,525.1237529,False,113.49,False,4.5093,False,False
COCCNC(=O)c1ccc(C(=O)NC2CCN(C(C)C)CC2)n1Cc1cc(-c2ccc(Cl)s2)on1,600.217319,False,90.99,False,5.8558,False,False
O=C(Nc1ccc(-n2ncccc2=O)cc1)c1nc2ccccc2n1Cc1cc(-c2ccc(Cl)s2)on1,533.1863532,False,101.63,False,3.8851,True,False
COCCOc1nccc2nc(C(=O)NC3CCN(C(C)C)CC3)n(Cc3nnc(-c4ccc(Cl)s4)s3)c12,528.0771371,False,107.84,False,5.2527,False,False
CNC(=O)C1CN(S(=O)(=O)c2cc3ccc(Cl)cc3s2)CC(=O)N1Cc1ccc2c(N)ccnc2c1,575.1540075,False,107.29,False,4.3408,False,False
O=C(NCC(NC1CCC1)C(=O)Nc1ccc(N2CCOCC2=O)cc1F)c1ccc(Cl)s1,543.0801739,False,125.7,False,2.8328,True,False
O=C(Cn1c(C(=O)NC2CCN(C3CC3)CC2)cc2cc(OCCOCCO)ccc21)Nc1ccc(Cl)cn1,494.1190821,False,99.77,False,2.783,True,False
CC1CN(S(=O)(=O)c2cc3ccc(Cl)cc3[nH]2)CC(=O)N1Cc1ccc2c(N)ncnc2c1,555.2248469,False,117.95,False,3.0727,True,False
CC(C)N1CCC(NC(CNC(=O)c2ccc(Cl)s2)C(=O)Nc2ccc(N3CCOCC3=O)cc2)CC1,484.1084372,False,125.28,False,2.7683,True,False
NC(=O)N1CCC(NC(=O)c2cc3ccccc3n2Cc2cc(-c3ccc(Cl)s3)on2)CC1,547.2020032,False,103.01,False,2.9642,True,False
COCCOC(=O)c1ccc2c(c1)c(C(=O)NC1CCN(C(C)C)CC1)nn2Cc1cc(-c2ccc(Cl)s2)on1,483.1131882,False,106.39,False,4.3324,False,False
O=C(NCC1CCN(c2ccncc2)CC1)c1cc(OCCc2ccc(Cl)cc2Cl)cc(C(=O)NC2CC2)c1,585.1812678,False,111.72,False,4.8603,False,False
CC(C)N1CCC(NC(=O)c2nc3c(C(=O)N(C)CCO)cccc3n2Cc2cc(-c3ccc(Cl)s3)on2)CC1,566.1851462,False,83.56,False,5.5485,False,False
COCC1CN(S(=O)(=O)c2cc3ccc(Cl)cc3s2)CC(=O)N1Cc1cc2cnccc2[nH]1,584.1972522,False,116.73,False,4.1214,False,False
CC(C)N1CCC(NC(=O)c2nc3c(C(=O)NCC(O)CCl)cccc3n2Cc2cc(-c3ccc(Cl)s3)on2)CC1,504.0692748,False,95.6,False,3.4791,True,False
O=C(O)c1cccc2c1nc(C(=O)NC1CCN(C3CC3)CC1)n2Cc1cc(-c2ccc(Cl)s2)on1,618.1582799,False,125.52,False,4.3866,False,False
CC(C)N1CCC(N(C)C(=O)c2nc3cc(OCCO)ccc3n2CC(=O)Nc2ccc(Cl)cn2)CC1,525.1237529,False,113.49,False,4.5093,False,False
O=C(Nc1ccc(-n2ccc(=O)[nH]c2=O)cc1)c1nc2ccccc2n1Cc1cc(-c2ccc(Cl)s2)on1,528.2251812,False,112.82,False,3.0393,True,False
CC(C)N1CCC(NC(=O)c2cc3cc(C(=O)OCCN4CCNC4=O)ccc3n2Cc2cc(-c3ccc(Cl)s3)on2)CC1,544.0720517,False,127.81,False,4.546,False,False
CC(C)N1CCC(NC(=O)c2nc3ccc(C(=O)O)cc3n2Cc2cc(-c3ccc(Cl)s3)on2)CC1,638.2078169,False,121.94,False,4.8441,False,False
N=C(N)c1ccc(O)c(CN2CCC(NS(=O)(=O)c3cc4ccc(F)cc4s3)C2=O)c1,527.139403,False,113.49,False,4.7553,False,False
CC(C)N1CCC(NC(=O)c2ccc(C(=O)O)n2Cc2cc(-c3ccc(Cl)s3)on2)CC1,462.0831753,False,136.58,False,2.10947,True,False
O=C1CN(S(=O)(=O)c2cc3ccc(Cl)cc3s2)CCN1Cc1ccc2cnccc2c1,476.128504,False,100.6,False,4.2071,False,False
O=C(c1nc2ccccc2n1Cc1cc(-c2ccc(Cl)s2)on1)N1CCC(Nc2ccncc2)CC1,471.0478111,False,70.58,False,4.136,False,False
O=C1CCN(c2ccc(NC(=O)c3nc4ccccc4n3Cc3cc(-c4ccc(Cl)s4)on3)cc2)CC1,518.1291727,False,89.08,False,5.5662,False,False
CC(C)N1CCC(NC(=O)c2cc(C(=O)OCCO)nn2Cc2cc(-c3ccc(Cl)s3)on2)CC1,531.1131882,False,93.26,False,5.8761,False,False
Nc1ccc(NC(=O)CCNC(=O)c2ccc(Cl)s2)cc1,521.1499677,False,122.72,False,3.053,True,False
N=C(N)c1ccc(O)c(CN2CCC(NS(=O)(=O)c3ccc(-c4ccon4)s3)C2=O)c1,323.0495254,True,84.22,False,2.7423,True,False
CC(C)N1CCC(NC(=O)c2cc3cc(C#N)ccc3n2Cc2cc(-c3ccc(Cl)s3)on2)CC1,461.0827607,False,162.61,False,1.47217,False,False
N=C(N)c1ccc(N)c(CN2CCC(NS(=O)(=O)c3cc4c(Cl)cccc4s3)C2=O)c1,507.1495738,False,87.09,False,5.53378,False,False
O=C(Cn1c(C(=O)NC2CCN(C3CC3)CC2)cc2cc(C(=O)O)ccc21)Nc1ccc(Cl)cn1,477.0696092,False,142.37,False,2.50037,True,False
Nc1ccc2ccc(CN3CCN(S(=O)(=O)c4cc5ccc(Cl)cc5s4)CC3=O)cc2n1,495.167332,False,116.56,False,3.3832,True,False
CC(C)N1CCC(NC(=O)c2cc3cc(C(N)=O)cnc3n2Cc2cc(-c3ccc(Cl)s3)on2)CC1,486.0587101,False,96.6,False,3.7182,True,False
CC(C)N1CCC(NC(=O)c2nn(Cc3cc(-c4ccc(Cl)s4)on3)c3ccc(C(=O)N4CC(O)C4)cc23)CC1,526.1553874,False,119.28,False,4.156,False,False
CC(=O)N1CCC(NC(=O)c2cc3ccccc3n2Cc2cc(-c3ccc(Cl)s3)on2)CC1,582.1816022,False,116.73,False,3.8738,True,False
CC(C)c1ncc(C(=O)NC2CCN(C(C)C)CC2)n1Cc1cc(-c2ccc(Cl)s2)on1,482.1179393,False,80.37,False,4.8002,False,False
CC(C)N1CCC(NC(=O)c2cc3c(C(=O)N(C)CCO)cccc3n2Cc2cc(-c3ccc(Cl)s3)on2)CC1,475.1808739,False,76.19,False,5.0273,False,False
CC(C)N1CCC(NC(=O)c2nc3c(C(=O)O)scc3n2CC(=O)Nc2ccc(Cl)cn2)CC1,583.2020032,False,103.84,False,4.7264,False,False
COc1cc2cc(C(=O)NC3CCN(C4CC4)CC3)n(Cc3cc(-c4ccc(Cl)s4)on3)c2cn1,504.134652,False,129.45,False,3.0857,True,False
CCOC(=O)c1ccc2c(c1)cc(C(=O)NC1CCN(C(C)C)CC1)n2Cc1cc(-c2ccc(Cl)s2)on1,511.1444884,False,85.42,False,4.8197,False,False
CC(C)N1CCC(NC(=O)c2nc3ccc(OCCO)cc3n2CC(=O)Nc2ccc(Cl)cn2)CC1,554.1754542,False,89.6,False,5.8388,False,False
COCCOc1cccc2c1nc(C(=O)N(C)C1CCN(C(C)C)CC1)n2CC(=O)Nc1ccc(Cl)cn1,514.2095312,False,121.61,False,2.6971,True,False
CCOC(=O)OC(C)OC(=O)c1cccc2c1nc(C(=O)NC1CCN(C(C)C)CC1)n2CC(=O)Nc1ccc(Cl)cn1,542.2408313,False,101.82,False,3.6934,True,False
COc1cccc(Cn2c(C(=O)NC3CCN(C(C)C)CC3)cc3c(C(=O)N4CC(OC)C4)cccc32)c1,614.2255751,False,153.98,False,4.0019,False,False
Nc1ccnc2cc(CN3C(=O)CN(S(=O)(=O)c4cc5ccc(Cl)cc5s4)CC3C(=O)N3CCOCC3)ccc12,518.2893057,False,76.04,False,3.7716,True,False
O=C(Cn1c(C(=O)N2CCN(CC(=O)N3CCCC3)CC2)nc2ccccc21)Nc1ccc(Cl)cn1,599.1063886,False,126.14,False,2.9456,True,False
CC(C)N1CCC(NS(=O)(=O)CCNC(=O)c2cccc(Cl)c2)CC1,509.1942154,False,103.67,False,2.1036,True,False
CC(C)N1CCC(NC(=O)c2cc(C(=O)OCC(=O)O)nn2Cc2cc(-c3ccc(Cl)s3)on2)CC1,387.1383404,True,78.51,False,1.862,False,False
CC(C)N1CCC(NC(=O)c2cc(C(=O)N(C)CC(=O)O)nn2Cc2cc(-c3ccc(Cl)s3)on2)CC1,535.1292322,False,139.79,False,3.1453,True,False
CC(C)N1CCC(NC(=O)c2nc3ccc(OCCO)cc3n2Cc2nnc(-c3ccc(Cl)s3)s2)CC1,548.1608667,False,133.8,False,3.0605,True,False
CC(C)N1CCC(NC(=O)c2nn(Cc3cc(-c4ccc(Cl)s4)on3)c3ccc(C(=O)NC(C)(CO)CO)cc23)CC1,560.1431085,False,105.4,False,4.2917,False,False
CC(C)N1CCC(NC(=O)c2cc(C(=O)N3CCCC3)nn2Cc2cc(-c3ccc(Cl)s3)on2)CC1,614.2078169,False,145.75,False,3.5302,True,False
CC(C)N1CCC(NC(=O)c2nn(Cc3cc(-c4ccc(Cl)s4)on3)c3ccc(C(=O)N4CC(C(=O)O)C4)cc23)CC1,530.1866875,False,96.5,False,4.1399,False,False
O=C(NCC(NC1CCC1)C(=O)Nc1ccc(N2CCOCC2=O)cc1)c1ccc(Cl)s1,610.1765168,False,133.8,False,4.2137,False,False
N=C(N)c1c[nH]c2ccc(CCNC(=O)c3ccc(-c4cnnc(N)n4)cc3)cc12,476.128504,False,99.77,False,2.6439,True,False
COCCOc1nccc2c1nc(C(=O)NC1CCN(C(C)C)CC1)n2CC(=O)Nc1ccc(Cl)cn1,400.1760073,True,159.45,False,1.85867,False,False
CC(C)OC(=O)CNC(=O)c1cc(C(=O)NC2CCN(C(C)C)CC2)n(Cc2cc(-c3ccc(Cl)s3)on2)n1,529.2204302,False,123.5,False,2.7462,True,False
Cc1ccc(NC(=O)Cn2c(C(=O)NC3CCN(C(C)C)CC3)cc3ccccc32)cc1,576.1921668,False,131.59,False,3.5853,True,False
CC(C)N1CCC(NC(=O)c2nn(Cc3cc(-c4ccc(Cl)s4)on3)c3ccc(C(=O)NC#N)cc23)CC1,432.2525263,False,66.37,False,4.19102,False,False
CC(C)N1CCC(NC(=O)c2cc3cc(CO)ccc3n2Cc2cc(-c3ccc(Cl)s3)on2)CC1,551.1506364,False,129.08,False,4.26798,False,False
CC(C)N1CCC(NC(=O)c2cc(C(=O)N3CCC(N4CCCC4=O)CC3)nn2Cc2cc(-c3ccc(Cl)s3)on2)CC1,512.1648895,False,83.53,False,5.1544,False,False
NC(=O)c1ccc(N2CCC(CN3CCN(S(=O)(=O)c4cc5ccc(Cl)cc5s4)CC3=O)CC2)nc1,627.2394514,False,116.81,False,4.1309,False,False
CC(C)N1CCC(NC(=O)c2nc3ccc(C(=O)NCCO)cc3n2CC(=O)Nc2ccc(Cl)cn2)CC1,547.111474,False,116.91,False,2.7981,True,False
COc1nccc2c1nc(C(=O)NC1CCN(C(C)C)CC1)n2CC(=O)Nc1ccc(Cl)cn1,541.2204302,False,141.48,False,2.0481,True,False
CC(C)N1CCC(NC(=O)c2cn(Cc3cc(-c4ccc(Cl)s4)on3)c(C3CC3)n2)CC1,485.1942154,False,114.27,False,2.7296,True,False
CC(C)N1CCC(NC(=O)c2cc3cc(Br)ccc3n2Cc2cc(-c3ccc(Cl)s3)on2)CC1,473.1652238,False,76.19,False,4.7813,False,False
O=C(Cn1c(C(=O)N2CCC(Nc3ccncc3)CC2)nc2ccccc21)Nc1ccc(Cl)cn1,560.0648369,False,63.3,False,6.4246,False,False
COCCOCCOCc1cc(C(=O)NC2CCN(C(C)C)CC2)n(CC(=O)Nc2ccc(Cl)cn2)n1,489.1680007,False,105.04,False,3.8351,True,False
CC(C)N1CCC(NC(=O)c2nc(C(=O)OC(C)(C)C)cn2Cc2cc(-c3ccc(Cl)s3)on2)CC1,536.251396,False,119.84,False,2.3524,True,False
CC(C)N1CCC(NC(=O)c2nc(C(=O)NCCO)cn2Cc2cc(-c3ccc(Cl)s3)on2)CC1,533.1863532,False,102.49,False,4.8592,False,False
CC(C)CN1CC(NC(=O)c2cc3ccccc3n2Cc2cc(-c3ccc(Cl)s3)on2)C1,520.1659521,False,125.52,False,2.626,True,False
COCCOc1cc2cc(C(=O)NC3CCN(C(C)C)CC3)n(CC(=O)Nc3ccc(Cl)cn3)c2cn1,468.1386747,False,63.3,False,5.1295,False,False
O=C(Nc1ccc(N2CCNCC2=O)cc1)c1nc2ccccc2n1Cc1cc(-c2ccc(Cl)s2)on1,528.2251812,False,110.61,False,3.3512,True,False
CC(C)N1CCC(NC(=O)c2cc(C(=O)NCCN3CCOCC3)nn2Cc2cc(-c3ccc(Cl)s3)on2)CC1,532.1084372,False,105.29,False,4.643,False,False
O=C(CCNS(=O)(=O)c1ccc(Cl)s1)Nc1ccc(N2CCOCC2=O)cc1,589.2238013,False,117.76,False,2.9659,True,False
CC(C)N1CCC(NC(=O)c2nc3ccccc3n2CC(=O)Nc2ccc(Cl)cc2)CC1,443.0376404,False,104.81,False,2.0718,True,False
COCC1CCCN1CC1CN(S(=O)(=O)c2cc3ccc(Cl)cc3s2)CC(=O)N1Cc1ccc2c(N)ncnc2c1,453.1931528,False,79.26,False,3.931,True,False
CC(C)N1CCC(NC(=O)c2nn(Cc3cc(-c4ccc(Cl)s4)on3)c3ccc(C(=O)NCCS(N)(=O)=O)cc23)CC1,614.1536732,False,121.96,False,3.5926,True,False
CC(C)N1CCC(NC(=O)c2nn(Cc3cc(-c4ccc(Cl)s4)on3)c3ccc(C(=O)N(C)CC(=O)O)cc23)CC1,633.1594868,False,165.45,False,3.0754,True,False
COc1cccc(Cn2c(C(=O)Nc3ccc(N4CCOCC4=O)cc3)nc3c(C(=O)O)cccc32)c1,598.1765168,False,133.8,False,4.2137,False,False
COC(=O)CN(C1CCN(Cc2ccc3c(N)ccnc3c2)C1=O)S(=O)(=O)c1cc2ccc(Cl)cc2s1,500.1695845,False,122.99,False,3.4069,True,False
COc1cc2cc(C(=O)Nc3ccc(N4CCOCC4=O)cc3)n(Cc3cc(-c4ccc(Cl)s4)on3)c2cn1,558.0798395,False,122.9,False,3.6499,True,False
CC(C)N1CCC(NC(=O)c2nc(C(=O)O)cn2Cc2cc(-c3ccc(Cl)s3)on2)CC1,563.1030175,False,111.72,False,5.0786,False,False
CCOC(=O)c1cc(C(=O)Nc2ccc(N3CCOCC3=O)cc2)n(CC(=O)Nc2ccc(Cl)cn2)n1,477.1237529,False,113.49,False,3.6021,True,False
O=C(Cn1c(C(=O)Nc2ccc(N3CCOC3=O)cc2)nc2ccccc21)Nc1ccc(Cl)cn1,526.1367601,False,144.75,False,2.3624,True,False
O=C(NC1CCN(C2CC2)CC1)c1nc2c(n1Cc1cc(-c3ccc(Cl)s3)on1)CC(C(=O)O)CC2,490.1156308,False,118.45,False,3.9323,True,False
CC(C)N1CCC(NC(=O)c2cc(C(=O)NC3CCC3)nn2CC(=O)Nc2ccc(Cl)cn2)CC1,529.1550531,False,113.49,False,3.8474,True,False
CC(C)N1CCC(NC(=O)c2nc3c(C(=O)O)scc3n2Cc2cc(-c3ccc(Cl)s3)on2)CC1,501.2255156,False,121.25,False,2.4551,True,False
O=C(Nc1ccc(N2CCOCC2=O)cc1)c1cc(-c2ccco2)n(Cc2cc(-c3ccc(Cl)s3)on2)n1,533.0958239,False,113.49,False,4.8168,False,False
CC(C)N1CCC(NC(=O)c2cc(C(=O)N3CCCC3CO)nn2Cc2cc(-c3ccc(Cl)s3)on2)CC1,549.0873674,False,115.63,False,5.1768,False,False
CC(C)N1CCC(NC(=O)c2cc(C(=O)NC[Si](C)(C)C)nn2Cc2cc(-c3ccc(Cl)s3)on2)CC1,560.1972522,False,116.73,False,3.5008,True,False
CC(C)N1CCC(NC(=O)c2nc3c(C(=O)O)cccc3n2Cc2cc3ccc(Cl)cc3s2)CC1,562.1949142,False,105.29,False,4.5111,False,False
CC(C)N1CCC(NC(=O)c2cc(C(=O)NC(CO)(CO)CO)nn2Cc2cc(-c3ccc(Cl)s3)on2)CC1,510.1492394,False,87.46,False,5.2535,False,False
CC(C)N1CCC(NC(=O)c2cc3c(C(=O)N4CCOCC4)cccc3n2CC(=O)Nc2ccc(Cl)cn2)CC1,580.1870815,False,165.98,False,1.3494,False,False
NC(=O)C1CN(S(=O)(=O)c2cc3ccc(Cl)cc3s2)CC(=O)N1Cc1cc2cnccc2[nH]1,566.2408313,False,108.8,False,3.4034,True,False
CC(C)N1CCC(NC(=O)c2cc(OCC(F)(F)F)nn2CC(=O)Nc2ccc(Cl)cn2)CC1,503.0488737,False,129.46,False,2.318,True,False
CCOC(=O)CNC(=O)c1ccc2c(c1)c(C(=O)NC1CCN(C(C)C)CC1)nn2Cc1cc(-c2ccc(Cl)s2)on1,502.170701,False,101.38,False,3.1139,True,False
N#Cc1c(C(=O)NC2CCN(c3ccncc3)CC2)n(Cc2cc(-c3ccc(Cl)s3)on2)c2ccccc12,612.1921668,False,131.59,False,4.35,False,False
COC1CN(C(=O)c2cccc3c2nc(C(=O)NC2CCN(C(C)C)CC2)n3CCc2ccc(Cl)cc2)C1,542.1291727,False,99.98,False,5.72498,False,False
COC(=O)c1ccc2c(c1)cc(C(=O)NC1CCN(C(C)C)CC1)n2Cc1cc(-c2ccc(Cl)s2)on1,537.2506677,False,79.7,False,4.0058,False,False
COC(=O)c1ccc2nc(C(=O)NC3CCN(C(C)C)CC3)n(Cc3cc(-c4ccc(Cl)s4)on3)c2c1,540.1598041,False,89.6,False,5.4487,False,False
O=C(CCNC(=O)c1ccc(Cl)s1)Nc1ccc(N2CCOCC2=O)c(CO)c1,541.1550531,False,102.49,False,4.8437,False,False
CC(C)N1CCC(NC(=O)c2cc3cc(OCCO)ncc3n2Cc2cc(-c3ccc(Cl)s3)on2)CC1,437.0812194,False,107.97,False,2.0156,True,False
O=C(Nc1ccc(N2CCOCC2=O)cc1)c1cc(CO)n(Cc2cc(-c3ccc(Cl)s3)on2)n1,543.1707031,False,105.65,False,4.4282,False,False
CC(C)N1CCC(NC(=O)c2c(F)c3ccccc3n2Cc2cc(-c3ccc(Cl)s3)on2)CC1,513.0873674,False,122.72,False,3.4091,True,False
COCCOCc1cccc2c1nc(C(=O)NC1CCN(C(C)C)CC1)n2CC(=O)Nc1ccc(Cl)cn1,500.144903,False,63.3,False,5.8012,False,False
CCOC(=O)OC(C)OC(=O)c1ccc2c(c1)nc(C(=O)NC1CCN(C(C)C)CC1)n2Cc1cc(-c2ccc(Cl)s2)on1,542.2408313,False,110.61,False,3.489,True,False
N=C(N)c1c[nH]c2ccc(CCNC(=O)c3ccc(-c4cc5cncnc5[nH]4)cc3)cc12,643.1867471,False,138.02,False,5.733,False,False
O=C(Cn1nc(OCC(F)(F)F)cc1C(=O)NC1CCN(C2CC2)CC1)Nc1ccc(Cl)cn1,423.1807583,False,136.33,False,3.36277,True,False
O=C(NCC(NC1Cc2ccccc2C1)C(=O)Nc1ccc(N2CCOCC2=O)cc1)c1ccc(Cl)s1,500.155051,False,101.38,False,2.8679,True,False
CC(C)N1CCC(NC(=O)c2nc3ccc(C(=O)O)cc3n2CC(=O)Nc2ccc(Cl)cn2)CC1,538.144154,False,99.77,False,3.2588,True,False
CC(C)N1CCC(NC(=O)c2nn(Cc3cc(-c4ccc(Cl)s4)on3)c3ccc(C(=O)NC[Si](C)(C)C)cc23)CC1,498.178231,False,129.45,False,3.0242,True,False
CC(C)N1CCC(NC(=O)c2nc3c(C(=O)N4CC(O)C4)cccc3n2Cc2cc(-c3ccc(Cl)s3)on2)CC1,612.2105643,False,105.29,False,5.6643,False,False
COc1cccc(Cn2ccnc2C(=O)NC2CCN(C(C)C)CC2)c1,582.1816022,False,116.73,False,3.8738,True,False
CC(C)N1CCC(NS(=O)(=O)CCNC(=O)c2cccc(C(=N)N)c2)CC1,356.2212261,True,59.39,True,2.5426,True,True
CN1C2CCC1CC(N(Cc1cc(-c3ccc(Cl)s3)on1)C(=O)c1nc3ccccc3n1Cc1cc(-c3ccc(Cl)s3)on1)C2,395.1991108,True,128.38,False,0.49267,False,False
CC(C)N1CCC(NC(=O)c2cc(C(=O)N3CCNC(=O)C3)nn2Cc2cc(-c3ccc(Cl)s3)on2)CC1,678.1041361,False,93.43,False,8.092,False,False
N=C(N)c1ccc(N)c(CN2CCC(NS(=O)(=O)c3ccc(-c4cccnc4)s3)C2=O)c1,559.1768511,False,125.6,False,2.4759,True,False
CCOC(=O)CNC(=O)c1cc(C(=O)NC2CCN(C(C)C)CC2)n(CC(=O)Nc2ccc(Cl)cn2)n1,470.1194806,False,155.26,False,1.75577,False,False
CC1CN(S(=O)(=O)c2cc3cc(Cl)ccc3[nH]2)CC(=O)N1Cc1ccc2c(N)ncnc2c1,533.2153448,False,147.55,False,1.4657,False,False
CC(C)N1CC(CNC(=O)c2cc3ccccc3n2Cc2cc(-c3ccc(Cl)s3)on2)C1,484.1084372,False,125.28,False,2.7683,True,False
CC(C)N1CCC(NC(=O)c2c(Cl)c3ncccc3n2Cc2cc(-c3ccc(Cl)s3)on2)CC1,468.1386747,False,63.3,False,5.1295,False,False
Nc1nccc2ccc(CN3CCC(NS(=O)(=O)c4cc5cccnc5s4)C3=O)cc12,517.1106014,False,76.19,False,5.7105,False,False
CC(C)N1CCC(NC(=O)c2cc3cc(OC(C)(C)C(=O)O)ccc3n2Cc2cc(-c3ccc(Cl)s3)on2)CC1,453.0929315,False,118.28,False,2.5061,True,False
COc1ccc2ccc(S(=O)(=O)NC3CCN(Cc4ccc5ccnc(N)c5c4)C3=O)cc2c1,584.1860188,False,109.83,False,5.9041,False,False
CC(C)N1CC(NC(=O)c2cc3cc(C(=O)O)ccc3n2Cc2cc(-c3ccc(Cl)s3)on2)C1,476.1518262,False,114.62,False,3.0582,True,False
CN(CC1CN(S(=O)(=O)c2cc3ccc(Cl)cc3s2)CC(=O)N1Cc1ccc2c(N)ncnc2c1)C1CCCC1,498.1128539,False,100.6,False,4.5801,False,False
COC(=O)c1cccc2nc(C(=O)NC3CCN(C(C)C)CC3)n(Cc3cc(-c4ccc(Cl)s4)on3)c12,598.1587585,False,112.73,False,4.3562,False,False
O=C(NCCS(=O)(=O)NN1CCN(Cc2ccccc2)CC1)c1ccc(Cl)s1,541.1550531,False,102.49,False,4.8437,False,False
CC(C)N1CCC(NC(=O)c2nn(Cc3cc(-c4ccc(Cl)s4)on3)c3ccc(C(=O)NCC(F)(F)F)cc23)CC1,442.0900103,False,81.75,False,1.7835,False,False
CC(C)N1CCC(NC(=O)c2cc(C(=O)NCCO)nn2Cc2cc(-c3ccc(Cl)s3)on2)CC1,608.1584221,False,105.29,False,5.3492,False,False
CC(C)N1CCC(NC(=O)c2cnc(C3CCCC3)n2Cc2cc(-c3ccc(Cl)s3)on2)CC1,520.1659521,False,125.52,False,2.626,True,False
O=C(O)c1ccc2c(cc(C(=O)NC3CCN(c4ccncc4)CC3)n2Cc2cc(-c3ccc(Cl)s3)on2)n1,501.1965239,False,76.19,False,5.5615,False,False
COCCOc1cc2cc(C(=O)NC3CCN(C(C)C)CC3)n(Cc3cc4ccc(Cl)cc4s3)c2cn1,562.1190019,False,126.38,False,4.9465,False,False
O=C(NCCS(=O)(=O)NC1CNC1)c1ccc(Cl)s1,540.1961896,False,68.62,False,5.5805,False,False
COCCOc1cc2cc(C(=O)NC3CCN(C(C)C)CC3)n(Cc3cc4ccc(Cl)nc4s3)c2cn1,323.016511,True,87.3,False,0.0225,False,False
COc1ccc(-c2ccc(C(=O)N3CCC(c4ccc5ccnc(N)c5c4)CC3)s2)cn1,541.1914386,False,81.51,False,4.9755,False,False
CC(C)N1CCC(NC(=O)c2c(C#N)cnn2Cc2cc(-c3ccc(Cl)s3)on2)CC1,444.161997,False,81.34,False,4.9689,False,False
CC(C)N1CCC(NC(=O)c2cc(C(=O)N3CC(O)C3)nn2Cc2cc(-c3ccc(Cl)s3)on2)CC1,458.1291727,False,99.98,False,3.77558,True,False
O=C(NCC1CC(C(=O)N2CCCC2)=NO1)c1cc2ccccc2n1Cc1cc(-c2ccc(Cl)s2)on1,532.1659521,False,116.73,False,2.7206,True,False
CC(NC(=O)c1cc(C(=O)NC2CCN(C(C)C)CC2)n(CC(=O)Nc2ccc(Cl)cn2)n1)C(=O)O,537.1237529,False,101.96,False,4.5566,False,False
CS(=O)(=O)c1ccc2c(c1)cc(C(=O)N1CCC(N3CCCC3=O)CC1)n2CC(=O)Nc1ccc(Cl)cn1,519.1996947,False,158.55,False,1.3757,False,False
CC(C)N1CCC(NC(=O)c2cc3cc(C(=O)OCC(=O)O)ccc3n2CC(=O)Nc2ccc(Cl)cn2)CC1,557.1499677,False,121.68,False,2.9589,True,False
CCOC(=O)OC(C)OC(=O)c1cccc2c1cc(C(=O)NC1CCN(C(C)C)CC1)n2Cc1cc(-c2ccc(Cl)s2)on1,555.1884614,False,142.86,False,3.1724,True,False
CC(C)N1CCC(NC(=O)c2cc(C(=O)NC#N)nn2Cc2cc(-c3ccc(Cl)s3)on2)CC1,642.1914981,False,125.13,False,6.338,False,False
NC(CNC(=O)c1ccc(Cl)s1)C(=O)Nc1ccc(N2CCOCC2=O)cc1,501.1349863,False,129.08,False,3.11478,True,False
CC(C)N1CCC(NC(=O)c2nn(Cc3cc(-c4ccc(Cl)s4)on3)c3ccc(C(=O)NCC(N)=O)cc23)CC1,422.0815538,False,113.76,False,1.4605,False,False
Nc1nccc2ccc(C3CCN(C(=O)c4ccc(-c5ccc(=O)[nH]c5)cc4F)CC3)cc12,583.1768511,False,148.38,False,3.2722,True,False
O=C(Nc1ccc(N2CCS(=O)(=O)CC2)cc1)c1nc2ccccc2n1Cc1cc(-c2ccc(Cl)s2)on1,442.1805042,False,92.08,False,4.3312,False,False
O=C(O)c1ccccc1-c1csc(CN2CCN(S(=O)(=O)c3cc4ccc(Cl)cc4s3)CC2=O)n1,567.0801739,False,110.33,False,4.9416,False,False
CC(C)(C)c1csc(CN2CCN(S(=O)(=O)c3cc4ccc(Cl)cc4s3)CC2=O)n1,547.0097114,False,107.88,False,4.4095,False,False
CC(C)N1CCC(NC(=O)c2nc3cc(OCCO)ccc3n2Cc2nnc(-c3ccc(Cl)s3)s2)CC1,483.0511822,False,70.58,False,4.3418,False,False
COC1CN(C(=O)c2cn(Cc3cc(-c4ccc(Cl)s4)on3)c(C(=O)NC3CCN(C(C)C)CC3)n2)C1,560.1431085,False,105.4,False,4.2917,False,False
CC(C)N1CCC(NS(=O)(=O)CCNC(=O)c2ccc(Cl)cc2)CC1,546.1816022,False,105.73,False,3.3747,True,False
CC(C)N1CCC(NC(=O)c2cc3cc(C(=O)N(CCO)CCO)ccc3n2Cc2cc(-c3ccc(Cl)s3)on2)CC1,387.1383404,True,78.51,False,1.862,False,False
O=C(NCC1CCN(c2ccncc2)CC1)c1nccn1Cc1cc(-c2ccc(Cl)s2)on1,613.2125679,False,124.07,False,4.0889,False,False
O=C(c1nc2ccccc2n1Cc1cc(-c2ccc(Cl)s2)on1)N1CCC(N2CCCC2=O)CC1,482.1291727,False,89.08,False,4.3427,False,False
O=C(NCc1ccccc1)c1cc(OCCc2ccc(Cl)cc2Cl)cc(C(=O)NCC2CCN(c3ccncc3)CC2)c1,509.1288383,False,84.47,False,4.6815,False,False
CC(C)N1CCC(NC(=O)c2cc(C(=O)O)n(Cc3cc(-c4ccc(Cl)s4)on3)n2)CC1,616.2007963,False,83.56,False,6.5863,False,False
CC(C)N1CCC(NC(=O)c2nc3c(C(=O)N4CC(O)C4)cccc3n2Cc2cc3ccc(Cl)cc3s2)CC1,477.1237529,False,113.49,False,3.6021,True,False
CC(C)N1CCC(NC(=O)c2cc(C(=O)NCC(=O)O)nn2Cc2cc(-c3ccc(Cl)s3)on2)CC1,565.1914386,False,90.7,False,4.372,False,False
Nc1nccc2ccc(C3=CCN(C(=O)c4ccc(-c5ccc(=O)[nH]c5)cc4)CC3)cc12,534.1452166,False,142.59,False,2.7183,True,False
CC(C)OC(=O)c1ccc2c(c1)cc(C(=O)NC1CCN(C(C)C)CC1)n2Cc1cc(-c2ccc(Cl)s2)on1,422.1742759,False,92.08,False,4.1018,False,False
O=C(NCCS(=O)(=O)NC1CCN(C2CC2)CC1)c1ccc(Cl)s1,568.1911042,False,89.6,False,6.2273,False,False
O=C1C(NS(=O)(=O)c2cc3ncccc3s2)CCN1Cc1cc2cnccc2[nH]1,391.0791112,True,78.51,False,1.6775,False,False
CC(C)N1CCC(NC(=O)c2nc3c(C(=O)O)cccc3n2CCc2ccc(Cl)cc2)CC1,427.0772814,False,108.05,False,2.252,True,False
N=C(N)c1ccc(O)c(CN2CCC(NS(=O)(=O)c3cc4c(Cl)nccc4s3)C2=O)c1,468.1928185,False,87.46,False,4.2332,False,False
CC(C)N1CCC(NC(=O)c2nc(C(=O)N3CCCOCC3)cn2Cc2cc(-c3ccc(Cl)s3)on2)CC1,479.0488737,False,149.47,False,2.01877,True,False
O=C1C(NS(=O)(=O)c2cc3ccccc3s2)CCN1Cc1cc2ccncc2[nH]1,560.1972522,False,105.73,False,3.7664,True,False
CC(C)N1CCC(NC(=O)c2nc3ccc(C(=O)N4CC(O)C4)cc3n2CC(=O)Nc2ccc(Cl)cn2)CC1,426.0820324,False,95.16,False,2.857,True,False
COC(=O)c1cccc2c1nc(C(=O)NC1CCN(C(C)C)CC1)n2CC(=O)Nc1ccc(Cl)cn1,553.2204302,False,132.69,False,2.1427,True,False
CN(C)C1CCN(C(=O)c2cc3ccccc3n2CC(=O)Nc2ccc(Cl)cc2)CC1,512.1938811,False,118.45,False,3.1126,True,False
N=C(N)c1cccc(CN2CCC(NS(=O)(=O)c3cc4c(F)cccc4s3)C2=O)c1,438.1822538,False,57.58,True,4.0996,False,False
O=C(CCNC(=O)c1ccc(Cl)s1)Nc1ccc(N2CCOCC2=O)c(C(F)(F)F)c1,446.0882607,False,116.35,False,2.40387,True,False
CC(C)N1CCC(NC(=O)c2cc3ccccc3n2CC(=O)Nc2ccc(Cl)cc2)CC1,475.0580394,False,87.74,False,3.5421,True,False
CC(C)N1CCC(NC(=O)c2cc3ccccc3n2Cc2csc(-c3ccc(Cl)cc3)n2)CC1,452.1979038,False,66.37,False,4.536,False,False
CCOC(=O)c1cc(C(=O)NC2CCN(C(C)C)CC2)n(Cc2cccc(OC)c2)n1,492.1750602,False,50.16,True,6.0691,False,False
CC(C)N1CCC(NC(=O)c2cc(-c3cccs3)nn2Cc2cc3ccc(Cl)cc3s2)CC1,428.2423555,False,85.69,False,2.7193,True,False
CC(C)N1CCC(NC(=O)c2cc3cc(OC(C)(C)C(=O)O)ccc3n2CC(=O)Nc2ccc(Cl)cn2)CC1,498.1314812,False,50.16,True,6.1306,False,False
O=C1CN(S(=O)(=O)c2cc3ccc(Cl)cc3s2)CCN1Cc1nc(C(=O)N2CCC(O)C2)cs1,555.2248469,False,125.79,False,4.173,False,False
CC(C)N1CCC(NC(=O)c2nn(Cc3cc(-c4ccc(Cl)s4)on3)c3ccccc23)CC1,540.0362605,False,111.12,False,2.2511,True,False
CC(C)N1CCC(NC(=O)c2cc(C(=O)N3CCC(CO)CC3)nn2Cc2cc(-c3ccc(Cl)s3)on2)CC1,483.1495738,False,76.19,False,5.0571,False,False
O=C(NC1CN(c2cc[n+]([O-])cc2)C1)c1cc2ccccc2n1Cc1cc(-c2ccc(Cl)s2)on1,574.2129023,False,116.73,False,3.7484,True,False
Nc1nccc(NCCN2CCC(NS(=O)(=O)c3cc4ccc(Cl)cc4s3)C2=O)c1Cl,505.0975382,False,90.24,False,4.3115,False,False
N=C(N)c1ccc(O)c(CN2CCC(NS(=O)(=O)c3cc4c(Cl)cccc4s3)C2=O)c1,499.0306368,False,117.42,False,3.1766,True,False
O=C1CN(S(=O)(=O)c2cc3cc(Cl)ccc3[nH]2)CCN1Cc1cc2cnccc2[nH]1,478.0536248,False,136.58,False,2.62377,True,False
COc1cccc(-c2ccc(S(=O)(=O)NC3CCN(Cc4cccc(C(=N)N)c4)C3=O)cc2)c1,443.0818881,False,102.16,False,2.7307,True,False
CC(C)N1CCC(NC(=O)c2cc3c(CO)cccc3n2Cc2cc(-c3ccc(Cl)s3)on2)CC1,478.1674763,False,125.58,False,2.72567,True,False
CCOC(=O)CNC(=O)c1cc(C(=O)NC2CCN(C(C)C)CC2)n(Cc2cc(-c3ccc(Cl)s3)on2)n1,512.1648895,False,83.53,False,5.1544,False,False
COC(=O)c1ccc2c(c1)nc(C(=O)NC1CCN(C(C)C)CC1)n2CC(=O)Nc1ccc(Cl)cn1,562.1765168,False,131.59,False,3.1968,True,False
O=C(CCNS(=O)(=O)c1ccc(Cl)s1)Nc1ccc(-n2ccncc2=O)cc1,512.1938811,False,118.45,False,3.1126,True,False
COC(=O)c1cc(C(=O)NC2CCN(C(C)C)CC2)n(Cc2cc(-c3ccc(Cl)s3)on2)n1,438.0223246,False,110.16,False,2.2545,True,False
CC(C)N1CCC(NC(=O)CCNC(=O)c2ccc(Cl)s2)CC1,491.139403,False,102.49,False,3.6905,True,False
COCCCOc1cccc2c1cc(C(=O)NC1CCN(C(C)C)CC1)n2Cc1cccc(OC)c1,357.1277757,True,61.44,False,2.5104,True,False
O=C1C(NS(=O)(=O)c2ccc(-c3ccc(Cl)s3)s2)CCN1Cc1cc2ccncc2[nH]1,493.2940567,False,64.96,False,4.7161,False,False
CC(C)N1CCC(NC(=O)c2cc(C(=O)OCc3ccccc3)n(CC(=O)Nc3ccc(Cl)cn3)c2)CC1,492.0151311,False,95.16,False,4.0857,False,False
COC(=O)c1ccc(C(=O)NC2CCN(C(C)C)CC2)n1Cc1cc(-c2ccc(Cl)s2)on1,537.2142822,False,105.56,False,4.1348,False,False
COC(=O)c1ccc2nc(C(=O)NC3CCN(C(C)C)CC3)n(CC(=O)Nc3ccc(Cl)cn3)c2c1,490.144154,False,89.6,False,4.2955,False,False
CC(C)N1CCC(NC(=O)c2cc3cc(C(=O)OCCN4CCOCC4)ccc3n2Cc2cc(-c3ccc(Cl)s3)on2)CC1,512.1938811,False,118.45,False,3.1126,True,False
CCOC(=O)Cc1nc(CN2CCN(S(=O)(=O)c3cc4ccc(Cl)cc4s3)CC2=O)sc1CN,639.228218,False,102.07,False,5.1511,False,False
CC(C)N1CCC(NC(=O)c2nc3c(OCCO)cccc3n2CC(=O)Nc2ccc(Br)cn2)CC1,542.0519105,False,122.9,False,2.6086,True,False
CC(C)N1CCC(NC(=O)c2cc(C(=O)NC3CCC3)nn2Cc2cc(-c3ccc(Cl)s3)on2)CC1,558.1590156,False,121.61,False,2.8062,True,False
CC(C)N1CCC(NC(=O)c2nn(Cc3cc(-c4ccc(Cl)s4)on3)c3ccc(C(=O)NCCO)cc23)CC1,530.1866875,False,105.29,False,4.1862,False,False
CC(C)N1CCC(NC(=O)c2cc(C(=O)NCCCN3CCCC3=O)nn2Cc2cc(-c3ccc(Cl)s3)on2)CC1,570.1816022,False,125.52,False,3.7792,True,False
COC(=O)CCc1cn(Cc2cc(-c3ccc(Cl)s3)on2)c(C(=O)NC2CCN(C(C)C)CC2)n1,601.2238013,False,125.6,False,3.6462,True,False
N=C(N)c1ccc(O)c(CN2CCC(NS(=O)(=O)c3cc4ccncc4s3)C2=O)c1,519.1707031,False,102.49,False,4.0095,False,False
CC(C)N1CCC(NC(=O)c2nc(C(=O)N(C)CCO)cn2Cc2cc(-c3ccc(Cl)s3)on2)CC1,445.0878461,False,149.47,False,1.36537,False,False
COc1cccc(CN(C(=O)c2c(C)c3ccccc3n2Cc2cccc(OC)c2)C2CCN(C(C)C)CC2)c1,534.1816022,False,116.73,False,2.9682,True,False
O=C(c1nc2ccccc2n1Cc1cc(-c2ccc(Cl)s2)on1)N1CCN(Cc2ccncc2)CC1,539.3147922,False,46.94,True,6.53042,False,False
CC(C)N1CCC(NC(=O)c2c(C#N)cnn2CC(=O)Nc2ccc(Cl)cc2)CC1,518.1291727,False,80.29,False,4.8075,False,False
O=C1C(NS(=O)(=O)c2ccc(-c3ccc(Cl)s3)s2)CCN1Cc1cc2cnccc2[nH]1,428.1727517,False,103.05,False,2.64948,True,False
COCCCOc1cc2cc(C(=O)NC3CCN(C(C)C)CC3)n(CC(=O)Nc3ccc(Cl)cn3)c2cn1,492.0151311,False,95.16,False,4.0857,False,False
CC(C)N1CCC(NC(=O)c2cc(C(=O)N3CCCOCC3)nn2CC(=O)Nc2ccc(Cl)cn2)CC1,542.2408313,False,110.61,False,3.7413,True,False
COc1ccc(-c2ccc(C(=O)NCC=Cc3cc(C(=N)N)ccc3O)cc2)cn1,531.2360802,False,121.69,False,2.0353,True,False
CC(C)N1CCC(NC(=O)c2cc(C(=O)N3CCCOCC3)nn2Cc2cc3ccc(Cl)cc3s2)CC1,402.1691906,True,121.32,False,3.19007,True,False
CC(C)N1CCC(NC(=O)c2cc3cc(C(=O)N4CCC(O)CC4)ccc3n2Cc2cc(-c3ccc(Cl)s3)on2)CC1,543.2070886,False,79.7,False,4.2646,False,False
O=C(NCC(F)(F)C(=O)Nc1ccc(N2CCOCC2=O)cc1)c1ccc(Cl)s1,609.2176533,False,103.84,False,5.259,False,False
CC(C)N1CCC(NC(=O)c2cc3ccccc3n2Cc2cc(-c3ccc(Cl)s3)on2)C1,443.0518111,False,87.74,False,2.7685,True,False
CC(C)N1CCC(NC(=O)c2c(Br)c3ccccc3n2Cc2cc(-c3ccc(Cl)s3)on2)CC1,468.1386747,False,63.3,False,5.272,False,False
CC(C)N1CCC(NC(=O)c2cc(C(=O)OCC3CC3)nn2CC(=O)Nc2ccc(Cl)cn2)CC1,560.0648369,False,63.3,False,6.4246,False,False
COCCOc1cc2cc(C(=O)NC3CCN(C(C)C)CC3)n(Cc3cc(-c4ccc(Cl)s4)on3)c2cn1,502.2095312,False,118.45,False,2.7396,True,False
CC(C)N1CCC(NC(=O)c2ccccc2CNC(=O)c2ccc(Cl)s2)CC1,557.1863532,False,94.65,False,5.0823,False,False
Cc1ccc(=O)n(-c2ccc(NC(=O)c3nc4ccccc4n3Cc3cc(-c4ccc(Cl)s4)on3)cc2)n1,419.1434258,True,61.44,False,3.9341,True,False
COCCOc1cccc2nc(C(=O)NC3CCN(C(C)C)CC3)n(CC(=O)Nc3ccc(Cl)cn3)c12,542.0927871,False,107.84,False,5.56112,False,False
CCOC(=O)c1cc(C(=O)NC2CCN(C(C)C)CC2)nn1Cc1cc(-c2ccc(Cl)s2)on1,528.2251812,False,110.61,False,3.3512,True,False
CSc1nccc(-c2ccc(S(=O)(=O)NC3CCN(Cc4cccc(C(=N)N)c4)C3=O)s2)n1,505.1550531,False,102.49,False,4.0806,False,False
CC(C)N1CCC(NC(=O)c2nc3cc(OCCCO)ccc3n2CC(=O)Nc2ccc(Cl)cn2)CC1,502.0915516,False,142.13,False,2.29047,True,False
O=C(NCC1CN(c2ccncc2)C1)c1cc2ccccc2n1Cc1cc(-c2ccc(Cl)s2)on1,528.2251812,False,121.61,False,3.0872,True,False
O=C(O)c1ccc2nc(C(=O)NC3CCN(C4CC4)CC3)n(Cc3cc(-c4ccc(Cl)s4)on3)c2c1,503.1182736,False,76.19,False,5.3207,False,False
CC(C)N1CCC(NC(=O)c2nc3c(C(=O)NCCO)cccc3n2Cc2cc3ccc(Cl)cc3s2)CC1,525.1237529,False,113.49,False,4.5093,False,False
CC(C)N1CCC(NC(=O)c2nc3c(OCCO)nccc3n2CC(=O)Nc2ccc(Cl)cn2)CC1,553.1914386,False,99.49,False,4.2774,False,False
CC(C)N1CCC(NC(=O)c2cc3cc(C(=O)N4CCC(F)(F)CC4)ccc3n2Cc2cc(-c3ccc(Cl)s3)on2)CC1,515.2047801,False,134.5,False,2.0921,True,False
N=C(N)c1c[nH]c2ccc(CCNC(=O)c3cccc(Cl)c3)cc12,629.2038951,False,83.61,False,6.5334,False,False
CC(C)N1CCC(NC(=O)c2nn(Cc3cc(-c4ccc(Cl)s4)on3)c3ccc(C(=O)N(C)CCO)cc23)CC1,340.1090888,True,94.76,False,3.07787,True,False
C=C(CNC(=O)c1ccc(Cl)s1)S(=O)(=O)NC1CCN(C(C)C)CC1,584.1972522,False,116.73,False,4.1214,False,False
O=C(c1cnc(C(=O)N2CCCOCC2)n1Cc1cc(-c2ccc(Cl)s2)on1)N1CCCOCC1,405.0947613,True,78.51,False,2.4372,True,False
Nc1ccnc2ccc(CN3CCC(NS(=O)(=O)c4cc5ccccc5s4)C3=O)cc12,519.1343176,False,102.93,False,3.0263,True,False
O=C(NCC1CCN(c2ccncc2)CC1)c1ccc(Cl)c(OCCc2ccccc2)c1,452.0976825,False,105.39,False,3.1111,True,False
CC(C)N1CCC(NC(=O)c2nc3c(C(=O)N4CCN(C)CC4)cccc3n2Cc2cc3ccc(Cl)cc3s2)CC1,449.1870048,False,54.46,True,5.0029,False,False
CCOC(=O)OC(C)OC(=O)c1ccc2c(c1)cc(C(=O)NC1CCN(C(C)C)CC1)n2CC(=O)Nc1ccc(Cl)cn1,592.2387231,False,73.71,False,4.9429,False,False
CC(C)N1CCC(NC(=O)c2cc3cc(C(=O)N4CC(O)C4)ccc3n2CC(=O)Nc2ccc(Cl)cn2)CC1,613.2303262,False,141.09,False,4.6069,False,False
CC(C)N1CCC(NC(=O)c2nc(C(=O)N(C)C)cn2Cc2cc(-c3ccc(Cl)s3)on2)CC1,552.2251812,False,119.8,False,2.7477,True,False
COc1ccc(-c2ccc(C(=O)N3CCC(c4cccc(CN)c4)CC3)cc2)cn1,504.1710375,False,96.5,False,3.6057,True,False
CC(C)N1CCC(NC(=O)c2cc(C(=O)N3CCC3)nn2Cc2cc(-c3ccc(Cl)s3)on2)CC1,401.2103271,True,68.45,False,4.2357,False,False
CCOCCOc1cccc2c1nc(C(=O)NC1CCN(C(C)C)CC1)n2CC(=O)Nc1ccc(Cl)cn1,516.1710375,False,96.5,False,3.7498,True,False
CC(C)N1CCC(NC(=O)c2nc3ccccc3n2Cc2cc(-c3ccc(Cl)s3)on2)CC1,542.2408313,False,110.61,False,3.7413,True,False
CC(C)N1CCC(NC(=O)c2cc(C(=O)O)nn2CCNC(=O)c2cccc(Cl)c2)CC1,483.1495738,False,76.19,False,5.0571,False,False
COc1cccc(Cn2ccnc2C(=O)NCC2CN(c3ccncc3)C2)c1,461.1829821,False,116.56,False,2.2673,True,False
COC1CN(C(=O)c2cccc3c2nc(C(=O)NC2CCN(C(C)C)CC2)n3Cc2cc(-c3ccc(Cl)s3)on2)C1,377.185175,True,72.28,False,2.2012,True,False
CCOC(=O)OC(C)OC(=O)c1ccc2c(c1)cc(C(=O)NC1CCN(C(C)C)CC1)n2Cc1cc(-c2ccc(Cl)s2)on1,596.1972522,False,105.73,False,4.5279,False,False
CC(C)N1CCC(NC(=O)c2nc3cc(C(=O)OCC(=O)O)ccc3n2Cc2cc(-c3ccc(Cl)s3)on2)CC1,642.1914981,False,125.13,False,6.338,False,False
CC(C)N1CCC(NC(=O)c2nc3cc(OCCN4CCOCC4)ccc3n2CC(=O)Nc2ccc(Cl)cn2)CC1,585.1448823,False,139.79,False,4.2985,False,False
CC(C)N1CCC(NC(=O)c2cc3nc(O)ccc3n2Cc2cc(-c3ccc(Cl)s3)on2)CC1,583.2673804,False,113.85,False,3.037,True,False
CON(C)C(=O)c1csc(CN2CCN(S(=O)(=O)c3cc4ccc(Cl)nc4s3)CC2=O)n1,499.1444884,False,96.42,False,4.7627,False,False
Nc1nccc2ccc(CN3CCN(S(=O)(=O)c4cc5ccc(Cl)cc5s4)CC3=O)cc12,515.0158594,False,113.01,False,2.0727,True,False
CC(C)N1CCC(NC(=O)c2nn(Cc3cc(-c4ccc(Cl)s4)on3)c3ccc(C(=O)NCCN4CCNC4=O)cc23)CC1,486.0587101,False,96.6,False,3.7182,True,False
CNC(CNC(=O)c1ccc(Cl)s1)C(=O)Nc1ccc(N2CCOCC2=O)c(F)c1,638.2190503,False,137.63,False,3.8121,True,False
C#Cc1ccc(NC(=O)Cn2c(C(=O)NC3CCN(C(C)C)CC3)cc3ccccc32)cc1,454.087782,False,99.77,False,1.8603,False,False
COC(=O)C1CN(S(=O)(=O)c2cc3ccc(Cl)cc3s2)CC(=O)N1Cc1ccc2c(N)ncnc2c1,442.2368762,False,66.37,False,3.8639,True,False
COC(=O)C1CN(S(=O)(=O)c2cc3ccc(Cl)cc3s2)CC(=O)N1Cc1cc2cnccc2[nH]1,545.0594384,False,135.79,False,2.6548,True,False
COc1ccc(-c2ccc(C(=O)N3CC=C(c4cccc(C(=N)N)c4)CC3)cc2)cn1,518.0485394,False,112.67,False,3.0057,True,False
O=C(Cn1c(C(=O)N2CCN(Cc3ccncc3)CC2)nc2ccccc21)Nc1ccc(Cl)cn1,412.189926,True,92.3,False,3.97077,True,False
CC(C)N1CCC(NC(=O)c2cc([N+](=O)[O-])nn2CC(=O)Nc2ccc(Cl)cn2)CC1,489.1680007,False,96.25,False,3.0764,True,False
CC(C)N1CCC(NC(=O)c2cn(Cc3cc(-c4ccc(Cl)s4)on3)nc2C(F)(F)F)CC1,449.1578299,False,135.29,False,2.081,True,False
CC(C)N1CCC(NC(=O)c2cc3cc(Cl)ccc3n2CC(=O)Nc2ccc(Cl)cn2)CC1,501.1213083,False,76.19,False,4.9227,False,False
COCCOCCOc1ccc2c(c1)cc(C(=O)NC1CCN(C(C)C)CC1)n2CC(=O)Nc1ccc(Cl)cn1,487.1541805,False,79.26,False,4.5844,False,False
CC(C)N1CCC(NC(=O)c2cnc(-c3c(Cl)cccc3Cl)n2Cc2cc(-c3ccc(Cl)s3)on2)CC1,571.256147,False,106.95,False,3.9728,True,False
CC(C)N1CCC(NC(=O)c2cc(C(=O)NCCCO)nn2Cc2cc(-c3ccc(Cl)s3)on2)CC1,577.0872791,False,76.19,False,6.8777,False,False
CC(OC(=O)OC1CCCCC1)OC(=O)c1ccc2nc(C(=O)NC3CCN(C(C)C)CC3)n(CC(=O)Nc3ccc(Cl)cn3)c2c1,534.1816022,False,125.52,False,3.0161,True,False
N=C(N)c1cccc(CN2CC(NS(=O)(=O)c3ccc(-c4ccccn4)s3)CC2=O)c1,668.2725253,False,153.98,False,5.3147,False,False
CC(C)N1CCC(NC(=O)c2cc3cc(C(=O)O)ccc3n2CC(=O)Nc2ccc(Cl)cc2)CC1,455.1085815,False,129.24,False,2.17357,True,False
CC(C)N1CCC(NC(=O)c2nccn2Cc2cc(-c3ccc(Cl)s3)on2)CC1,496.1877331,False,103.67,False,4.2342,False,False
CC(C)N1CCC(N(C)C(=O)c2nc3ccc(OCCO)cc3n2CC(=O)Nc2ccc(Cl)cn2)CC1,433.1339237,False,76.19,False,3.9039,True,False
CCOC(=O)c1cc(C(=O)NC2CCN(C(C)C)CC2)n(Cc2cc(-c3ccc(Cl)s3)on2)n1,528.2251812,False,112.82,False,3.0393,True,False
COc1cccc(Cn2c(C(=O)NC3CCN(C(C)C)CC3)nc3cccc(C(=O)O)c32)c1,505.1550531,False,102.49,False,4.0806,False,False
CC(C)N1CCC(NC(=O)c2nc3c(C(=O)O)cccc3n2Cc2cc(-c3ccc(Cl)s3)on2)CC1,450.2267054,False,96.69,False,3.394,True,False
CC(C)N1CCC(NC(=O)c2cc(C(=O)NC3=NCCO3)nn2Cc2cc(-c3ccc(Cl)s3)on2)CC1,527.139403,False,113.49,False,4.7553,False,False
CC(C)N1CCC(NC(=O)c2cc(C(=O)OCc3ccccc3)n(Cc3cc(-c4ccc(Cl)s4)on3)c2)CC1,545.1612011,False,126.88,False,3.0199,True,False
O=C(Nc1nc(-c2cccnc2)cs1)c1cc2ccccc2n1Cc1cc(-c2ccc(Cl)s2)on1,566.1754542,False,89.6,False,5.8659,False,False
O=C(NC1CCN(c2ccncn2)CC1)c1cc2ccccc2n1Cc1cc(-c2ccc(Cl)s2)on1,517.0433944,False,85.84,False,6.8303,False,False
CC(C)N1CCC(NC(=O)c2cc(OCC(F)F)nn2CC(=O)Nc2ccc(Cl)cn2)CC1,518.1291727,False,89.08,False,5.2483,False,False
Nc1ncnc2cc(CN3C(=O)CN(S(=O)(=O)c4cc5ccc(Cl)cc5s4)CC3CC(=O)O)ccc12,484.1801228,False,101.38,False,2.8167,True,False
O=C(CCNC(=O)c1ccc(Cl)s1)Nc1ccc(-n2ccccc2=O)cc1C(=O)O,545.0594384,False,146.79,False,2.9565,True,False
CC(C)N1CCC(NC(=O)c2cc(C(=O)NCCC(=O)O)nn2Cc2cc(-c3ccc(Cl)s3)on2)CC1,445.0499193,False,117.5,False,3.0092,True,False
CC(C)N1CCC(NC(=O)c2nn(CC(=O)Nc3ccc(Cl)cn3)c3ccc(C(=O)N4CCCOCC4)cc23)CC1,548.1608667,False,142.59,False,3.1084,True,False
CC(C)N1CCC(NC(=O)c2nc3cc(C(=O)O)ccc3n2Cc2cc(-c3ccc(Cl)s3)on2)CC1,581.2517303,False,121.69,False,3.1885,True,False
CC(C)N1CCC(NC(=O)c2nc3cc(C(=O)N4CCCOCC4)ccc3n2CC(=O)Nc2ccc(Cl)cn2)CC1,527.139403,False,113.49,False,4.7553,False,False
CC(C)N1CCC(NC(=O)c2nc3cc(O)ccc3n2CC(=O)Nc2ccc(Cl)cn2)CC1,581.2517303,False,121.69,False,3.1885,True,False
O=C(Cn1c(C(=O)Nc2ccc(N3CCOCC3=O)cc2)nc2c(C(=O)O)cccc21)Nc1ccc(Cl)cn1,470.1833164,False,112.38,False,3.0316,True,False
CC(C)N1CCC(NC(=O)c2cc(NC(=O)C(F)F)nn2CC(=O)Nc2ccc(Cl)cn2)CC1,548.1211101,False,155.75,False,3.0371,True,False
O=C1CN(S(=O)(=O)c2cc3ccc(Cl)cc3s2)CCN1Cc1nc(-c2ccccc2)cs1,497.1753718,False,121.25,False,2.3764,True,False
CC(C)N1CCC(NC(=O)c2cc3ccccc3n2CC(=O)Nc2ccc(Br)cc2)CC1,503.0198821,False,70.58,False,4.7113,False,False
Cc1ccc2cc(C(=O)NC3CCN(C(C)C)CC3)n(Cc3cc(-c4ccc(Cl)s4)on3)c2c1,496.1473883,False,66.37,False,4.6451,False,False
CC(C)N1CCC(NC(=O)c2cncn2Cc2cc(-c3ccc(Cl)s3)on2)CC1,496.1699748,False,63.3,False,5.97052,False,False
COCCOC(=O)c1cccc2c1nc(C(=O)NC1CCN(C(C)C)CC1)n2CC(=O)Nc1ccc(Cl)cn1,433.1339237,False,76.19,False,3.9039,True,False
CC(C)N1CCC(NC(=O)c2cc3ccccc3n2CC(=O)Nc2ccc(I)cc2)CC1,556.2200958,False,127.68,False,3.1292,True,False
COCCOc1ccc2c(c1)nc(C(=O)NC1CCN(C(C)C)CC1)n2CC(=O)Nc1ccc(Cl)cn1,544.1335242,False,66.37,False,4.4872,False,False
CC1CN(S(=O)(=O)c2cc3ccc(Cl)cc3s2)CC(=O)N1Cc1ccc2c(N)ncnc2c1,528.2251812,False,110.61,False,3.3512,True,False
Nc1nccc2ccc(CN3CCC(NS(=O)(=O)c4cc5ncccc5s4)C3=O)cc12,501.0696092,False,109.49,False,3.5017,True,False
CC(C)N1CCC(NC(=O)c2cc3c(-c4nnc(O)o4)cccc3n2Cc2cc(-c3ccc(Cl)s3)on2)CC1,453.0929315,False,118.28,False,2.5061,True,False
CC(C)N1CCC(NC(=O)c2nn(Cc3cc(-c4ccc(Cl)s4)on3)c3ccc(C(=O)N4CCCOCC4)cc23)CC1,566.150302,False,122.45,False,5.4177,False,False
CC(C)N1CCC(NC(=O)c2cc3cc(C(=O)NCCN4CCNC4=O)ccc3n2Cc2cc(-c3ccc(Cl)s3)on2)CC1,610.2129023,False,105.73,False,4.9196,False,False
COC(=O)c1ccc2c(c1)c(C(=O)NC1CCN(C(C)C)CC1)nn2Cc1cc(-c2ccc(Cl)s2)on1,637.2238013,False,124.74,False,4.4171,False,False
CN(C)Cc1nccn1-c1ccc(NC(=O)c2cc(C(F)(F)F)nn2-c2ccc3onc(N)c3c2)c(F)c1,541.1550531,False,102.49,False,4.8437,False,False
CC(C)N1CCC(NC(=O)c2nc3cc(C(=O)O)ccc3n2Cc2cnc(-c3ccc(Cl)s3)s2)CC1,528.1645348,False,120.03,False,4.2532,False,False
CC(C)N1CCC(NC(=O)c2cc(C(=O)N3CCOC3=O)nn2Cc2cc(-c3ccc(Cl)s3)on2)CC1,543.1165594,False,100.35,False,5.2238,False,False
O=C(C1CCN(c2ccncc2)CC1)N1CCN(S(=O)(=O)c2ccc3cc(Cl)ccc3c2)CC1,546.1452166,False,122.8,False,3.4963,True,False
CC(C)N1CCC(NC(=O)c2nc3ccc(C(=O)OCCO)cc3n2Cc2cc(-c3ccc(Cl)s3)on2)CC1,498.1492394,False,73.82,False,3.6377,True,False
COCCOc1cc2cc(C(=O)NC3CCNCC3)n(CC(=O)Nc3ccc(Cl)cn3)c2cn1,571.1656177,False,122.72,False,4.2062,False,False
CC(C)N1CCC(NC(=O)c2cc3cc(OCCO)ccc3n2CC(=O)Nc2ccc(Cl)cn2)CC1,486.178231,False,119.4,False,2.2304,True,False
O=C(O)c1ccc2c(c1)cc(C(=O)NC1CCN(c3ccccn3)CC1)n2Cc1cc(-c2ccc(Cl)s2)on1,513.2142822,False,108.72,False,3.3021,True,False
CC(C)N1CCC(NC(=O)c2nc3c(OCCO)nccc3n2Cc2cc(-c3ccc(Cl)s3)on2)CC1,561.1237529,False,113.49,False,5.5515,False,False
COc1cccc(Cn2c(C(=O)NC3CCN(C(C)C)CC3)cc3cc(C(=O)O)ccc32)c1,544.1659521,False,118.54,False,3.8232,True,False
Cc1oc(=O)oc1COC(=O)c1ccc2c(c1)cc(C(=O)NC1CCN(C(C)C)CC1)n2Cc1cc(-c2ccc(Cl)s2)on1,449.2314565,False,83.8,False,3.999,True,False
CC(C)N1CCC(NC(=O)c2nc3c(C(=O)O)cccc3n2Cc2cc3cc(Cl)ccc3s2)CC1,638.160198,False,132.95,False,5.87372,False,False
CC(C)N1CCC(NC(=O)c2cc3cc(-c4noc(O)n4)ccc3n2Cc2cc(-c3ccc(Cl)s3)on2)CC1,510.1492394,False,87.46,False,5.2535,False,False
COCC1CN(S(=O)(=O)c2cc3ccc(Cl)cc3s2)CC(=O)N1Cc1nc(-c2cccnc2)cs1,566.150302,False,122.45,False,5.4177,False,False
CNC(=O)CN1CCN(C(=O)c2nc3ccccc3n2Cc2cc(-c3ccc(Cl)s3)on2)CC1,548.0413458,False,92.7,False,4.1213,False,False
CC(C)N1CCC(NC(=O)c2cc3cc([N+](=O)[O-])ccc3n2CC(=O)Nc2ccc(Cl)cc2)CC1,498.1240873,False,96.5,False,2.9583,True,False
O=C(NCC1CC1)c1cc(OCCc2ccc(Cl)cc2Cl)cc(C(=O)NCC2CCN(c3ccncc3)CC2)c1,497.1829821,False,109.51,False,4.4442,False,False
CC(C)N1CCC(NC(=O)c2cc(C(=O)N3CC(O)C3)nn2CC(=O)Nc2ccc(Cl)cn2)CC1,580.2007963,False,83.56,False,5.7961,False,False
COCCOc1cccc2c1nc(C(=O)NC1CCN(C(C)C)CC1)n2CC(=O)Nc1ccc(Cl)cn1,503.2047801,False,132.69,False,0.9895,False,False
CC(C)N1CCC(NC(=O)c2nc3ccc(C(=O)N(C)CCO)cc3n2Cc2cc(-c3ccc(Cl)s3)on2)CC1,528.2251812,False,110.61,False,3.3512,True,False
O=C(Cn1c(C(=O)Nc2ccc(-n3ccncc3=O)cc2)nc2ccccc21)Nc1ccc(Cl)cn1,584.1972522,False,116.73,False,4.1214,False,False
Nc1nccc2ccc(C3CCN(C(=O)c4ccc(-c5cccnc5)cc4)CC3)cc12,499.1159651,False,123.8,False,3.5216,True,False
CC(C)N1CCC(NC(=O)c2nn(CC(=O)Nc3ccc(Cl)cn3)c3ccc(C(=O)O)cc23)CC1,408.1950114,True,72.11,False,4.8988,False,False
COC(=O)c1cc(C(=O)NC2CCN(C(C)C)CC2)n(CC(=O)Nc2ccc(Cl)cn2)n1,498.178231,False,129.45,False,3.0242,True,False
COCCOCCOc1cc2cc(C(=O)NC3CCN(C(C)C)CC3)n(CC(=O)Nc3ccc(Br)cn3)c2cn1,462.178231,False,118.45,False,1.9594,False,False
CC(C)N1CCC(NC(=O)c2cc3cc(C(N)=O)ccc3n2Cc2cc(-c3ccc(Cl)s3)on2)CC1,616.2008804,False,119.84,False,3.4769,True,False
N=C(N)c1cccc(C2CCN(C(=O)c3ccc(-c4cc[n+]([O-])cc4)cc3)CC2)c1,525.1601384,False,106.39,False,4.761,False,False
COc1cccc(Cn2ccnc2C(=O)NC2CN(c3ccncc3)C2)c1,400.189926,True,97.12,False,3.29087,True,False
COc1ccc2ccc(S(=O)(=O)NC3CCN(Cc4csc(C(=N)N)c4)C3=O)cc2c1,363.1695249,True,72.28,False,1.9536,False,False
CC(C)N1CCC(NC(=O)c2cc(C(=O)NCCN3CCNC3=O)nn2Cc2cc(-c3ccc(Cl)s3)on2)CC1,458.1082472,False,125.58,False,2.27337,True,False
COc1cc(NC(=O)C(N)CNC(=O)c2ccc(Cl)s2)ccc1N1CCOCC1=O,588.2034002,False,137.63,False,2.6589,True,False
O=C(Cn1c(=O)ccn(-c2ccc(NC(=O)c3nc4ccccc4n3CC(=O)Nc3ccc(Cl)cn3)cc2)c1=O)Nc1ccc(Cl)cn1,452.0921185,False,122.99,False,1.4691,False,False
Nc1ccc2ccc(CN3CCC(NS(=O)(=O)c4cc5ccc(Cl)cc5s4)C3=O)cc2n1,683.1199202,False,174.9,False,3.9754,True,False
COC(=O)c1cnc2[nH]c(C(=O)N(Cc3cc(-c4ccc(Cl)s4)on3)C3CCN(C(C)C)CC3)cc2c1,486.0587101,False,105.39,False,3.7645,True,False
N=C(N)c1cccc(CN2CCC(NS(=O)(=O)c3ccc(-c4ccncc4)s3)C2=O)c1,541.1550531,False,104.56,False,5.2346,False,False
CC(C)N1CCC(NC(=O)c2nccn2CCc2ccc(Cl)cc2)CC1,455.1085815,False,129.24,False,2.17357,True,False
CC(C)N1CCC(NC(=O)c2nc3c(OCCO)cccc3n2Cc2cc3ccc(Cl)cc3s2)CC1,374.1873392,True,50.16,True,3.3818,True,True
N=C(N)c1c[nH]c2ccc(CCNC(=O)c3ccc(N4CCOCC4)nc3)cc12,526.1805395,False,79.62,False,4.9264,False,False
CC(C)N1CCC(NC(=O)c2nc3ccc(OCCN4CCOCC4)cc3n2CC(=O)Nc2ccc(Cl)cn2)CC1,392.196074,True,120.12,False,1.65607,False,False
CC(C)ONC(=O)c1ccc2c(c1)cc(C(=O)NC1CCN(C(C)C)CC1)n2Cc1cc(-c2ccc(Cl)s2)on1,583.2673804,False,113.85,False,3.037,True,False
CCN1CCN(c2ccc(NC(=O)c3nc4ccccc4n3CC(=O)Nc3ccc(Cl)cn3)cc2)C(=O)C1=O,583.2020032,False,101.63,False,5.7319,False,False
CCOC(=O)OC(C)OC(=O)c1ccc2c(c1)nc(C(=O)NC1CCN(C(C)C)CC1)n2CC(=O)Nc1ccc(Cl)cn1,545.1578299,False,129.53,False,3.1708,True,False
COc1cc2cc(C(=O)N3CCC(Nc4ccncc4)CC3)n(Cc3cc(-c4ccc(Cl)s4)on3)c2cn1,614.2255751,False,153.98,False,4.0019,False,False
CC(C)N1CCC(NC(=O)c2nc3c(C(=O)N4CCC(O)CC4)cccc3n2Cc2cc(-c3ccc(Cl)s3)on2)CC1,548.1397373,False,98.31,False,5.5748,False,False
O=C(Cn1c(C(=O)Nc2ccc(-n3ccc(=O)[nH]c3=O)cc2)nc2ccccc21)Nc1ccc(Cl)cn1,610.2129023,False,116.73,False,4.654,False,False
CC(C)N1CCC(NC(=O)c2cc3c(Br)cccc3n2Cc2cc(-c3ccc(Cl)s3)on2)CC1,515.1108797,False,143.77,False,2.8149,True,False
CC(C)N1CCC(NC(=O)c2cc3cc(S(C)(=O)=O)ccc3n2CC(=O)Nc2ccc(Cl)cn2)CC1,531.1707031,False,113.49,False,4.4084,False,False
CC(C)NCC1CN(S(=O)(=O)c2cc3ccc(Cl)cc3[nH]2)CC(=O)N1Cc1ccc2c(N)ncnc2c1,560.0648369,False,63.3,False,6.4246,False,False
COc1cccc(Cn2ccnc2C(=O)NCC2CCN(c3ccncc3)CC2)c1,531.1707031,False,113.4,False,3.3345,True,False
CC(C)N1CCC(N(CC(=O)O)C(=O)c2cc3c(C(F)(F)F)cccc3n2Cc2cc(-c3ccc(Cl)s3)on2)CC1,541.1662864,False,137.31,False,2.7464,True,False
O=C(O)c1scc2c1nc(C(=O)NC1CCN(C3CC3)CC1)n2Cc1cc(-c2ccc(Cl)s2)on1,405.2164751,True,72.28,False,2.9814,True,False
Nc1nccc2ccc(C3CCN(C(=O)c4ccc(-c5ccc(=O)[nH]c5)nc4)CC3)cc12,608.1471887,False,91.81,False,6.4779,False,False
CC(=O)OC(C)OC(=O)c1cccc2c1cc(C(=O)NC1CCN(C(C)C)CC1)n2Cc1cc(-c2ccc(Cl)s2)on1,531.0801739,False,113.49,False,4.5708,False,False
COC(=O)c1cn(Cc2cc(-c3ccc(Cl)s3)on2)c(C(=O)NC2CCN(C(C)C)CC2)n1,425.185175,False,104.97,False,3.5871,True,False
N=C(N)c1ccc(N)c(CN2CCC(NS(=O)(=O)c3ccc(-c4ccc(Cl)s4)s3)C2=O)c1,612.1809335,False,115.9,False,5.728,False,False
NC(CNC(=O)c1ccc(Cl)s1)C(=O)Nc1ccc(N2CCOCC2=O)c(C(F)F)c1,491.139403,False,102.49,False,3.6905,True,False
CCOC(=O)C1CN(S(=O)(=O)c2cc3ccc(Cl)cc3s2)CC(=O)N1Cc1ccc2c(N)ncnc2c1,509.0416802,False,142.37,False,3.07567,True,False
CC(C)N1CCC(NC(=O)c2cc([N+](=O)[O-])cn2Cc2cc(-c3ccc(Cl)s3)on2)CC1,472.0783602,False,113.76,False,2.3981,True,False
COCCOCCOCc1ncc(C(=O)NC2CCN(C(C)C)CC2)n1Cc1cc(-c2ccc(Cl)s2)on1,559.0750885,False,135.79,False,3.0449,True,False
CC(C)N1CCC(NC(=O)c2cc3ccccc3n2Cc2cnc(-c3ccc(Cl)s3)s2)CC1,477.1237529,False,106.44,False,4.4171,False,False
CC(C)N1CCC(NC(=O)c2nc3c(C(=O)NCCO)cccc3n2CC(=O)Nc2ccc(Cl)cn2)CC1,565.2125679,False,103.88,False,4.0835,False,False
O=C(Nc1ccc(C(=O)N2CCCCC2)cc1)c1nn(Cc2cc(-c3ccc(Cl)s3)on2)c2ccccc12,498.1314812,False,50.16,True,6.1306,False,False
CC(C)N1CCC(NC(=O)c2nc3cc(OCCO)ccc3n2CC(=O)Nc2ccc(Cl)cn2)CC1,541.2204302,False,141.48,False,2.0481,True,False
CC(C)N1CCC(NC(=O)c2cc(N)nn2CC(=O)Nc2ccc(Cl)cn2)CC1,545.1288383,False,93.26,False,6.3329,False,False
COc1cccc(Cn2c(C(=O)NC3CCN(C(C)C)CC3)cc3c(C(=O)N4CCC(F)(F)CC4)cccc32)c1,514.2095312,False,121.61,False,2.6971,True,False
CC(C)N1CCC(NC(=O)c2nc3c(C(=O)NCCO)scc3n2Cc2cc(-c3ccc(Cl)s3)on2)CC1,419.1836508,True,118.17,False,1.755,False,False
COCCOc1nccc2c1nc(C(=O)NC1CCN(C(C)C)CC1)n2CC(=O)Nc1ccc(Br)cn1,552.2911975,False,66.81,False,5.1721,False,False
COC(=O)c1ccc2c(c1)c(C(=O)Nc1ccc(N3CCOCC3=O)cc1)nn2Cc1cc(-c2ccc(Cl)s2)on1,576.1380231,False,125.52,False,3.8407,True,False
CC(C)N1CCC(NC(=O)c2cc3cc(C(=O)N4CCOCC4)ccc3n2CC(=O)Nc2ccc(Cl)cn2)CC1,573.1699146,False,123.5,False,2.8553,True,False
CC(C)N1CCC(NC(=O)c2nc3ccc(OC(C)(C)CO)cc3n2CC(=O)Nc2ccc(Cl)cn2)CC1,591.0979321,False,128.79,False,4.8566,False,False
CC(C)N1CCC(NC(=O)c2cc(C(=O)NCCS(N)(=O)=O)n(Cc3cc(-c4ccc(Cl)s4)on3)n2)CC1,566.2408313,False,108.8,False,3.4034,True,False
CCOC(=O)OC(C)OC(=O)c1ccc2c(c1)c(C(=O)NC1CCN(C(C)C)CC1)nn2Cc1cc(-c2ccc(Cl)s2)on1,542.2408313,False,121.61,False,3.4757,True,False
CC(C)N1CCC(NC(=O)c2nc3cccc(C(=O)O)c3n2Cc2cc3cc(Cl)ccc3s2)CC1,583.1438367,False,165.45,False,1.9222,False,False
COc1ccc(-c2ccc(C(=O)N3CCC(O)(c4ccc5ccnc(N)c5c4)CC3)cc2)cn1,643.1867471,False,138.02,False,5.733,False,False
CC(C)N1CCC(NC(=O)c2cc3cc(OCCO)ncc3n2Cc2cc3ccc(Cl)nc3s2)CC1,510.1492394,False,87.46,False,5.2535,False,False
CC(C)N1CCC(NC(=O)c2cc3c(C(F)(F)F)cccc3n2Cc2cc(-c3ccc(Cl)s3)on2)CC1,454.2004907,False,101.57,False,4.0114,False,False
Nc1ccc2ccc(C3CCN(C(=O)c4ccc(-c5ccc(=O)[nH]c5)cc4)CC3)cc2n1,527.1757885,False,92.51,False,4.3214,False,False
COC(=O)c1cccc2c(C(=O)NC3CCN(C(C)C)CC3)nn(Cc3cc(-c4ccc(Cl)s4)on3)c12,550.1417094,False,63.3,False,6.6809,False,False
CC(C)N1CCC(NC(=O)c2cc3cc(C(=O)OC4CCOC4)ccc3n2Cc2cc(-c3ccc(Cl)s3)on2)CC1,424.189926,False,92.08,False,4.1921,False,False
CC(C)N1CCC(NC(=O)c2nc3c(C(=O)N4CCCOCC4)cccc3n2CC(=O)Nc2ccc(Cl)cn2)CC1,541.1550531,False,102.49,False,4.8437,False,False
CC(C)N1CCC(NC(=O)c2cc(-c3ccco3)n(Cc3cc(-c4ccc(Cl)s4)on3)n2)CC1,596.1860188,False,98.83,False,5.6078,False,False
N=C(N)c1c[nH]c2ccc(CCNC(=O)c3ccc(-n4ccnc4)cc3)cc12,581.2517303,False,121.69,False,3.1885,True,False
CC(C)N1CCC(NC(=O)c2cc3ccccc3n2CC(=O)Nc2ccc(Cl)c(F)c2)CC1,499.1444884,False,89.33,False,5.1639,False,False
COC(=O)c1ccc2c(c1)nc(C(=O)NC1CCN(C(C)C)CC1)n2CCc1ccc(Cl)cc1,372.1698593,True,112.58,False,2.61017,True,False
CC(C)N1CCC(NC(=O)c2nn(Cc3cc(-c4ccc(Cl)s4)on3)c3ccc(C(=O)N(CCO)CCO)cc23)CC1,470.188482,False,66.37,False,4.6751,False,False
O=C(O)c1ccc2c(c1)cc(C(=O)NC1CCN(c3ccncc3F)CC1)n2Cc1cc(-c2ccc(Cl)s2)on1,482.2084685,False,76.46,False,4.3216,False,False
CC(C)N1CCC(NC(=O)c2cc(C(=O)NC3CCN(C(C)C)CC3)n(Cc3cc(-c4ccc(Cl)s4)on3)n2)CC1,614.2078169,False,136.96,False,3.4839,True,False
CC(C)N1CCC(NC(=O)c2cc(C(=O)O)n(CC(=O)Nc3ccc(Cl)cn3)c2)CC1,579.1143311,False,113.49,False,5.6906,False,False
COC(=O)c1ccc2nc(C(=O)NC3CCN(C(C)C)CC3)n(CCc3ccc(Cl)cc3)c2c1,601.2601868,False,108.53,False,4.5065,False,False
O=C(NCc1ccccc1C(=O)NC1CCN(c2ccncc2)CC1)c1ccc(Cl)s1,447.167332,False,116.56,False,2.476,True,False
CC(C)N1CCC(NC(=O)c2cc3ccccc3n2CC(=O)Nc2ccc(C#N)cc2)CC1,482.2084685,False,76.46,False,4.3216,False,False
CC(C)N1CCC(NC(=O)c2cc3cc(C(=O)OCOC(=O)C(C)(C)C)ccc3n2Cc2cc(-c3ccc(Cl)s3)on2)CC1,454.1230247,False,74.33,False,4.1253,False,False
CC(C)N1CCC(NC(=O)c2cc(C(=O)N3CCC3C(=O)O)nn2Cc2cc(-c3ccc(Cl)s3)on2)CC1,443.2321252,False,90.16,False,3.75428,True,False
CNC(=O)CN1CCN(C(=O)c2nc3ccccc3n2CC(=O)Nc2ccc(Cl)cn2)CC1,640.2122336,False,115.9,False,6.3657,False,False
CN(CC1OCCO1)CC1CN(S(=O)(=O)c2cc3ccc(Cl)cc3s2)CC(=O)N1Cc1ccc2c(N)ncnc2c1,560.1608667,False,133.8,False,3.203,True,False
O=C(NC1CCN(c2ccncn2)CC1)c1nc2ccccc2n1Cc1cc(-c2ccc(Cl)s2)on1,469.1629153,False,112.46,False,1.2272,False,False
CC(C)N1CCC(NC(=O)c2nn(Cc3cc(-c4ccc(Cl)s4)on3)c3cc(C(=O)O)ccc23)CC1,616.1329377,False,131.19,False,2.7865,True,False
O=C(Nc1ccc(-n2ccc(=O)cc2)cc1)c1nn(Cc2cc(-c3ccc(Cl)s3)on2)c2ccccc12,519.1244216,False,101.97,False,4.6433,False,False
Nc1ncnc2cc(CN3C(=O)CN(S(=O)(=O)c4cc5ccc(Cl)cc5s4)CC3C(=O)NCCN3CCCC3)ccc12,527.139403,False,113.49,False,4.7553,False,False
COCCOc1cc2cc(C(=O)NC3CCN(C(C)C)CC3)n(CC(=O)Nc3ccc(Br)cn3)c2cn1,527.0818881,False,94.95,False,5.8577,False,False
CC(C)N1CCC(NC(=O)c2cc(C(=O)N3CCSCC3)nn2Cc2cc(-c3ccc(Cl)s3)on2)CC1,454.1230247,False,63.3,False,4.8835,False,False
O=C(NC1CCN(C2CC2)CC1)c1nc2c(n1Cc1cc(-c3ccc(Cl)s3)on1)CCC(C(=O)O)C2,627.1489221,False,141.83,False,2.6938,True,False
CS(=O)(=O)N1CCC(NC(=O)c2cc3ccccc3n2Cc2cc(-c3ccc(Cl)s3)on2)CC1,572.1746656,False,110.61,False,3.4603,True,False
CC(C)N1CC(CNC(=O)c2nccn2Cc2cc(-c3ccc(Cl)s3)on2)C1,562.1587585,False,96.5,False,4.0929,False,False
O=C(NC1CCN(c2ccccc2)CC1)c1nc2ccccc2n1Cc1cc(-c2ccc(Cl)s2)on1,529.1550531,False,113.49,False,3.8474,True,False
CC(C)N1CCC(NC(=O)c2cc3cc(C(=O)O)ccc3n2CCNC(=O)c2ccc(Cl)cc2)CC1,518.0849249,False,97.44,False,4.2133,False,False
COCCOc1cccc2nc(C(=O)N(C)C3CCN(C(C)C)CC3)n(CC(=O)Nc3ccc(Cl)cn3)c12,419.1182736,True,76.19,False,3.3713,True,False
O=C(Cn1c(C(=O)Nc2ccc(N3CCNCC3=O)cc2)nc2ccccc21)Nc1ccc(Cl)cn1,517.1339237,False,76.19,False,5.8533,False,False
CC(C)N1CCC(NC(=O)c2cc3cc(C(=O)N(C)CCO)ccc3n2CC(=O)Nc2ccc(Cl)cn2)CC1,510.2033832,False,103.67,False,4.0255,False,False
C#Cc1ccc(C(=O)NCCC(=O)Nc2ccc(N3CCOCC3=O)cc2)s1,542.2408313,False,101.82,False,3.6934,True,False
CC(C)N1CCC(NC(=O)c2nc3c(C(=O)N(C)CCO)cccc3n2CC(=O)Nc2ccc(Cl)cn2)CC1,468.1386747,False,63.3,False,5.272,False,False
CCOC(=O)CN(C(=O)c1cc2cccc(C)c2n1Cc1cc(-c2ccc(Cl)s2)on1)C1CCN(C(C)C)CC1,503.1472652,False,121.25,False,2.9119,True,False
Cc1c(C(=O)NC2CCN(C(C)C)CC2)n(Cc2cc(-c3ccc(Cl)s3)on2)c2ccccc12,554.2408313,False,119.8,False,2.9953,True,False
CC(C)N1CCC(NC(=O)c2nc3cccc(C(=O)O)c3n2CCc2ccc(Cl)cc2)CC1,397.1096271,True,87.74,False,1.8512,False,False
CC(C)N1CCC(NC(=O)c2cc(C(=O)N3CCCC3C(=O)O)nn2Cc2cc(-c3ccc(Cl)s3)on2)CC1,555.2360802,False,132.69,False,2.3903,True,False
CC(C)N1CCC(NC(=O)c2nc3c(O)nccc3n2CC(=O)Nc2ccc(Cl)cn2)CC1,582.2067543,False,80.81,False,6.24602,False,False
COC(=O)c1cc(-n2ccccc2=O)ccc1NC(=O)CCNC(=O)c1ccc(Cl)s1,496.1699748,False,63.3,False,5.97052,False,False
O=C(NCC1CCN(c2ccncc2)CC1)c1cc(OCCc2ccc(Cl)cc2Cl)cc(C(=O)N2CCOCC2)c1,468.1928185,False,87.46,False,4.2332,False,False
CC(C)N1CCC(NC(=O)c2cnc(-c3cccc(C(F)(F)F)c3)n2Cc2cc(-c3ccc(Cl)s3)on2)CC1,574.1765168,False,133.8,False,3.5931,True,False
CC(C)N1CCC(NC(=O)c2cc3cc(NS(C)(=O)=O)ccc3n2Cc2cc(-c3ccc(Cl)s3)on2)CC1,455.1085815,False,129.24,False,2.17357,True,False
CC(C)N1CCC(NC(=O)c2nc3ccc(OCc4nn[nH]n4)cc3n2CC(=O)Nc2ccc(Cl)cn2)CC1,471.1785654,False,125.27,False,2.4266,True,False
O=C1CN(S(=O)(=O)c2cc3ccc(Cl)cc3s2)CCN1CC1CCN(c2ccccn2)CC1,459.0655694,False,106.5,False,3.0976,True,False
NC(CNC(=O)c1ccc(Cl)s1)C(=O)Nc1ccc(N2CCOCC2=O)c(Cl)c1,596.1957109,False,84.0,False,5.1287,False,False
CC(C)N1CCC(NC(=O)c2cc(C(=O)N(C)C3CCS(=O)(=O)C3)nn2Cc2cc(-c3ccc(Cl)s3)on2)CC1,577.1526084,False,76.19,False,6.5897,False,False
O=C(CN1CCN(C(=O)c2nc3ccccc3n2Cc2cc(-c3ccc(Cl)s3)on2)CC1)N1CCCC1,575.1427741,False,109.47,False,5.0336,False,False
CC(C)C1CN(S(=O)(=O)c2cc3ccc(Cl)cc3[nH]2)CC(=O)N1Cc1ccc2c(N)ncnc2c1,552.2112625,False,155.84,False,2.4181,True,False
COCCN(C)C(=O)c1ccc(C(=O)NC2CCN(C(C)C)CC2)n1Cc1cc(-c2ccc(Cl)s2)on1,504.1056603,False,73.82,False,3.6992,True,False
CC(C)N1CCC(NC(=O)c2cc3cc(C(=O)NCCO)ccc3n2Cc2cc(-c3ccc(Cl)s3)on2)CC1,456.0425814,False,113.76,False,2.1139,True,False
O=C(O)c1ccc2c(c1)nc(C(=O)NC1CCN(C3CC3)CC1)n2Cc1nnc(-c2ccc(Cl)s2)s1,608.1642378,False,130.64,False,3.163,True,False
CCN(CC)C(=O)N1CCN(C(=O)c2nc3ccccc3n2CC(=O)Nc2ccc(Cl)cn2)CC1,538.1553874,False,87.71,False,3.8347,True,False
COCCCNc1cc(C(=O)NC2CCN(C(C)C)CC2)n(CC(=O)Nc2ccc(Cl)cn2)n1,512.1397373,False,125.28,False,3.4044,True,False
Cc1oc(=O)oc1COC(=O)c1cccc2c1cc(C(=O)NC1CCN(C(C)C)CC1)n2Cc1cc(-c2ccc(Cl)s2)on1,547.2020032,False,92.84,False,4.2273,False,False
CC(C)N1CCC(NC(=O)c2nc3cc(C(=O)O)ccc3n2CC(=O)Nc2ccc(Cl)cn2)CC1,569.1863532,False,112.63,False,4.3842,False,False
CC(C)N1CCC(NC(=O)c2nc3c(C(=O)N4CC(O)C4)scc3n2Cc2cc(-c3ccc(Cl)s3)on2)CC1,542.0961583,False,113.24,False,4.3728,False,False
Nc1nccc2cc(CN3CCN(S(=O)(=O)c4cc5ccc(Cl)cc5s4)CC3=O)ccc12,497.1942154,False,103.67,False,2.943,True,False
COC(=O)c1cccc2c1nc(C(=O)Nc1ccc(N3CCOCC3=O)cc1)n2CC(=O)Nc1ccc(Cl)cn1,491.2411656,False,113.41,False,2.6212,True,False
CC(OC(=O)OC1CCCCC1)OC(=O)c1ccc2c(c1)cc(C(=O)NC1CCN(C(C)C)CC1)n2CC(=O)Nc1ccc(Cl)cn1,638.160198,False,132.95,False,5.87372,False,False
CCOCCOCCOc1cccc2c1nc(C(=O)NC1CCN(C(C)C)CC1)n2CC(=O)Nc1ccc(Cl)cn1,498.178231,False,129.45,False,3.0242,True,False
COCCOc1cc2cc(C(=O)NC3CCN(C(C)C)CC3)n(Cc3cccc(OC)c3)c2cn1,588.1380231,False,116.73,False,3.9353,True,False
CC(C)N1CCC(NC(=O)c2nc(C(=O)OCC3CC3)cn2Cc2cc(-c3ccc(Cl)s3)on2)CC1,486.0587101,False,96.6,False,3.7182,True,False
O=C1CN(S(=O)(=O)c2cc3ccc(Cl)cc3s2)CCN1Cc1nc(-c2cccnc2)cs1,562.1367601,False,144.75,False,3.1255,True,False
CC(C)OC(=O)COc1ccc2c(c1)cc(C(=O)NC1CCN(C(C)C)CC1)n2Cc1cc(-c2ccc(Cl)s2)on1,667.2772764,False,141.09,False,5.9197,False,False
CC(C)N1CCC(NC(=O)c2cc(C(=O)N3CCSC3C(=O)O)nn2Cc2cc(-c3ccc(Cl)s3)on2)CC1,586.267046,False,119.84,False,3.7579,True,False
Cc1ccc(C(=O)NCCS(=O)(=O)NC2CCN(C(C)C)CC2)s1,480.2736556,False,77.85,False,3.721,True,False
N=C(N)c1ccc(CNC(=O)C2CCN2C(=O)C(NCC(=O)O)C2CCCCC2)cc1,501.0696092,False,109.49,False,3.5017,True,False
CC(C)N1CCC(NC(=O)c2cc(C(=O)O)nn2CCNC(=O)c2ccc(Cl)cc2)CC1,531.1707031,False,102.49,False,4.4707,False,False
CC(C)N1CCC(NC(=O)c2nc3c(OCCO)cccc3n2Cc2nnc(-c3ccc(Cl)s3)s2)CC1,504.0151311,False,83.47,False,4.1063,False,False
CC(C)N1CCC(NC(=O)c2ccc(C(=O)OCc3ccccc3)n2Cc2cc(-c3ccc(Cl)s3)on2)CC1,598.2016689,False,98.83,False,5.9925,False,False
COc1cccc(Cn2ccnc2C(=O)N2CCN(C3CCN(C)CC3)CC2)c1,526.1253104,False,99.77,False,3.5815,True,False
O=C1CN(S(=O)(=O)c2cc3ccc(Cl)nc3s2)CCN1Cc1nc(C(=O)N2CCOCC2)cs1,592.1329377,False,133.8,False,3.5036,True,False
CC(C)N1CCC(NC(=O)c2nc3csc(C(=O)O)c3n2CC(=O)Nc2ccc(Cl)cn2)CC1,373.1493837,True,78.51,False,1.57852,False,False
CCOC(=O)c1cc(C(=O)N(CC2CC2)C2CCN(C(C)C)CC2)n(CC(=O)Nc2ccc(Cl)cn2)n1,429.2376045,False,148.61,False,0.81087,False,False
CC(C)N1CCC(NC(=O)c2cc(C(=O)N3CCC(O)CC3)nn2Cc2cc(-c3ccc(Cl)s3)on2)CC1,461.1829821,False,116.56,False,2.2673,True,False
NC(CNC(=O)c1ccc(Cl)s1)C(=O)Nc1ccc(N2CCOCC2=O)cc1F,560.1431085,False,105.4,False,4.2917,False,False
CC(C)N1CCC(NC(=O)c2cc3cc(OCCO)ncc3n2CC(=O)Nc2ccc(Br)cn2)CC1,566.1754542,False,89.6,False,5.8659,False,False
CC(C)N1CCC(NC(=O)c2cc(C(=O)N3CCN(CCO)C3=O)nn2Cc2cc(-c3ccc(Cl)s3)on2)CC1,397.2477752,True,53.84,True,1.792,False,False
CC(C)N1CCC(NC(=O)c2nn(Cc3cc(-c4ccc(Cl)s4)on3)c3ccc(C(=O)N4CCC4)cc23)CC1,541.0315094,False,113.01,False,1.9117,False,False
NC(=O)N1CCN(C(=O)c2nc3ccccc3n2CC(=O)Nc2ccc(Cl)cn2)CC1,504.134652,False,129.45,False,3.0857,True,False
Cc1cccc2cc(C(=O)N(CC(=O)O)C3CCN(C(C)C)CC3)n(Cc3cc(-c4ccc(Cl)s4)on3)c12,530.2408313,False,109.66,False,3.4719,True,False
CC(C)N1CCC(NC(=O)c2nc3c(C(=O)OCC4CC4)cccc3n2CC(=O)Nc2ccc(Cl)cn2)CC1,560.1972522,False,116.73,False,3.5008,True,False
O=C(Cn1c(C(=O)NC2CCN(C3CC3)CC2)cc2cc(C(=O)O)ccc21)Nc1ccc(Cl)nc1,440.072132,False,113.76,False,1.5996,False,False
COc1cccc(Cn2c(C(=O)NC3CCN(C(C)C)CC3)cc3c(C(=O)OCCO)cccc32)c1,558.1590156,False,121.61,False,2.8062,True,False
CC(C)N1CCC(NC(=O)c2nc(C(N)=O)cn2Cc2cc(-c3ccc(Cl)s3)on2)CC1,589.1874158,False,137.04,False,2.774,True,False
CC(C)N1CCC(NC(=O)c2cnc(-c3c(F)cccc3F)n2Cc2cc(-c3ccc(Cl)s3)on2)CC1,566.1866875,False,96.5,False,4.903,False,False
CCOC(=O)COc1cccc2c1cc(C(=O)NC1CCN(C(C)C)CC1)n2Cc1cc(-c2ccc(Cl)s2)on1,441.1316152,False,126.45,False,1.5599,False,False
COc1ccc(-c2ccc(C(=O)NCCCc3cc(C(=N)N)ccc3O)cc2)cn1,554.1754542,False,91.81,False,5.76752,False,False
CC(C)N1CCC(NC(=O)c2nc3cccc(C(=O)O)c3n2Cc2cc(-c3ccc(Cl)s3)on2)CC1,552.2251812,False,118.45,False,3.8928,True,False
CC(C)N1CCC(NC(=O)c2nn(Cc3cc(-c4ccc(Cl)s4)on3)cc2C#N)CC1,495.167332,False,116.56,False,3.3832,True,False
CC(C)N1CCC(NC(=O)c2cc(C(=O)N3CCCOCC3)nn2Cc2cc(-c3ccc(Cl)s3)on2)CC1,493.2576712,False,93.03,False,3.4499,True,False
COCCOc1cc2cc(C(=O)NC3CCN(C(C)C)CC3)n(CC(=O)Nc3ccc(F)cn3)c2cn1,476.1397373,False,119.28,False,3.0028,True,False
CC(C)N1CCC(NC(=O)c2cc3c(C(=O)N4CCC(F)(F)CC4)cccc3n2Cc2cc(-c3ccc(Cl)s3)on2)CC1,545.1463802,False,76.19,False,5.8491,False,False
CC(C)N1CCC(NC(=O)c2cccn2Cc2cc(-c3ccc(Cl)s3)on2)CC1,584.1860188,False,98.83,False,5.604,False,False
CC(C)N1CCC(NC(=O)c2cc(C(=O)NC3CC3)nn2Cc2cc(-c3ccc(Cl)s3)on2)CC1,404.1848406,True,121.32,False,3.10947,True,False
CC(C)N1CCC(NC(=O)c2nn(Cc3cc(-c4ccc(Cl)s4)on3)c3ccc(C(=O)NCC(F)F)cc23)CC1,527.139403,False,113.49,False,4.7553,False,False
COc1ccc2ccc(S(=O)(=O)NC3CCN(Cc4cc5c(N)nccc5s4)C3=O)cc2c1,458.1291727,False,99.98,False,3.77558,True,False
O=C(Nc1ccc(-n2ccc(=O)cc2)cc1)c1nc2ccccc2n1Cc1cc(-c2ccc(Cl)s2)on1,560.1972522,False,105.73,False,3.7664,True,False
COc1ccc(-c2ccc(C(=O)N3CCC(c4ccc5ccnc(N)c5c4)CC3)cc2)cn1,512.2547318,False,110.61,False,2.8369,True,False
CN1CCC(N2CCN(C(=O)C(NC(=O)c3ccc4cc[nH]c4c3)c3ccccc3)CC2)CC1,629.2038951,False,83.61,False,6.5334,False,False
CC(C)N1CCC(NC(=O)c2cc3cc(OCCO)ncc3n2Cc2cc3ccc(Cl)cc3s2)CC1,486.0587101,False,105.39,False,3.7645,True,False
CC(C)N1CCC(NC(=O)c2nccn2Cc2cccc(Cl)c2)CC1,432.1386747,False,63.3,False,4.5089,False,False
CC(C)N1CCC(NC(=O)c2cc(C(=O)N3CCC(S(C)(=O)=O)C3)nn2Cc2cc(-c3ccc(Cl)s3)on2)CC1,453.0929315,False,118.28,False,2.5061,True,False
CC(C)N1CCC(NC(=O)c2nc3c(C(=O)O)cccc3n2CC(=O)Nc2ccc(Cl)cn2)CC1,516.1710375,False,105.29,False,3.7961,True,False
O=C(CCNC(=O)c1ccc(Cl)s1)Nc1ccc(N2CCOCC2=O)cc1,590.1678439,False,105.29,False,5.052,False,False
CCC(CC)N1CCC(NC(=O)c2cc3ccccc3n2Cc2cc(-c3ccc(Cl)s3)on2)CC1,482.1082472,False,114.62,False,3.1197,True,False
CC(C)N1CCC(NC(=O)c2nc3ccnc(O)c3n2Cc2cc(-c3ccc(Cl)s3)on2)CC1,527.0818881,False,94.95,False,5.8577,False,False
O=C(NC1CCN(c2ccncc2)CC1)c1nccn1Cc1cc(-c2ccc(Cl)s2)on1,438.2055761,False,81.34,False,4.9074,False,False
CC(C)N1CC(NS(=O)(=O)CCNC(=O)c2ccc(Cl)s2)C1,459.2634253,False,71.68,False,2.8774,True,False
Cc1cc(NC(=O)C(N)CNC(=O)c2ccc(Cl)s2)ccc1N1CCOCC1=O,526.1805395,False,79.62,False,4.9264,False,False
CC(C)CC1CN(S(=O)(=O)c2cc3ccc(Cl)cc3s2)CC(=O)N1Cc1ccc2c(N)ncnc2c1,360.1716891,True,50.16,True,3.1874,True,True
CC(C)N1CCC(NC(=O)c2ccc(C(=O)N3CCCOCC3)n2Cc2cc(-c3ccc(Cl)s3)on2)CC1,608.1642378,False,130.64,False,3.163,True,False
O=C(CCNC(=O)c1ccc(Cl)cc1)Nc1ccc(N2CCOCC2=O)cc1,498.178231,False,129.45,False,3.0242,True,False
COCCOCCn1c(C(=O)NC2CCN(C(C)C)CC2)cc2cc(OCC(=O)Nc3ccc(Cl)cn3)ccc21,407.0706547,True,87.74,False,2.5233,True,False
CC(C)N1CCC(NC(=O)c2nc3c(O)nccc3n2Cc2cc(-c3ccc(Cl)s3)on2)CC1,510.1856249,False,63.3,False,6.4423,False,False
N=C(N)c1cccc(C2CCN(C(=O)c3ccc(-c4cccnc4)cc3)CC2)c1,500.1397373,False,109.31,False,4.1577,False,False
CC(C)N1CCC(NC(=O)c2cc(C(=O)O)nn2CC(=O)Nc2ccc(Cl)cn2)CC1,468.1135226,False,89.08,False,4.0951,False,False
COCCOCc1ncc(C(=O)NC2CCN(C(C)C)CC2)n1Cc1cc(-c2ccc(Cl)s2)on1,365.0634612,True,78.51,False,1.1433,False,False
CCOC(=O)OC(C)OC(=O)c1ccc2nc(C(=O)NC3CCN(C(C)C)CC3)n(CC(=O)Nc3ccc(Cl)cn3)c2c1,436.0972038,False,113.76,False,1.76892,False,False
COC(=O)c1ccc2c(c1)nc(C(=O)NC1CCN(C(C)C)CC1)n2Cc1cccc(OC)c1,543.1165594,False,109.49,False,4.5279,False,False
O=C(NCC1CCN(c2ccncc2)CC1)c1cc(-c2cccs2)nn1Cc1cc(-c2ccc(Cl)s2)on1,559.2020032,False,92.84,False,4.3714,False,False
COc1ccccc1-c1ccc(S(=O)(=O)NC2CCN(Cc3cccc(C(=N)N)c3)C2=O)cc1,401.1142338,True,87.74,False,2.4618,True,False
O=C(Nc1ccc(-c2c[nH]cn2)cc1)c1cc2ccccc2n1Cc1cc(-c2ccc(Cl)s2)on1,512.1397373,False,125.28,False,3.4044,True,False
CC(C)N1CCC(NC(=O)c2nn(Cc3cc(-c4ccc(Cl)s4)on3)c3c(C(=O)O)cccc23)CC1,571.256147,False,106.95,False,3.9728,True,False
COc1ccc2ccc(S(=O)(=O)NC3CCN(Cc4ccc5[nH]c(N)nc5c4)C3=O)cc2c1,500.1397373,False,109.31,False,4.1577,False,False
COc1cccc(Cn2c(C(=O)NC3CCN(C(C)C)CC3)cc3c(C(=O)N(C)CCO)cccc32)c1,384.1950114,True,83.07,False,4.05247,False,False
COCCOc1cccc2c1nc(C(=O)NC1CCN(C(C)C)CC1)n2CC(=O)Nc1ccc(Br)cn1,448.162581,False,129.45,False,1.871,False,False
O=C(NCC(NC1CCOCC1)C(=O)Nc1ccc(N2CCOCC2=O)cc1)c1ccc(Cl)s1,521.1863532,False,94.65,False,4.0669,False,False
CCOC(=O)c1cc(C(=O)NN2CCN(C(C)C)CC2)n(CC(=O)Nc2ccc(Cl)cn2)n1,614.2255751,False,153.98,False,4.0019,False,False
CC(C)N1CCC(NC(=O)c2cc3cc(S(C)(=O)=O)ccc3n2CC(=O)Nc2ccc(Cl)cc2)CC1,464.2423555,False,85.69,False,3.4824,True,False
CC(C)N1CCC(NC(=O)c2c(Cl)c3ccccc3n2Cc2cc(-c3ccc(Cl)s3)on2)CC1,564.1168937,False,89.08,False,6.0712,False,False
CN1C2CCC1CC(NC(=O)c1nc3ccccc3n1Cc1cc(-c3ccc(Cl)s3)on1)C2,478.1674763,False,125.58,False,2.72567,True,False
O=C(O)c1scc2nc(C(=O)NC3CCN(C4CC4)CC3)n(Cc3cc(-c4ccc(Cl)s4)on3)c12,499.0869735,False,88.74,False,6.7019,False,False
O=C(Cn1c(C(=O)NC2CCN(C3CC3)CC2)cc2c(C(=O)O)cccc21)Nc1ccc(Cl)cn1,527.139403,False,113.49,False,4.7553,False,False
CC(C)N1CCC(NC(=O)c2cc(C(=O)N3CCC3)n(Cc3cc(-c4ccc(Cl)s4)on3)n2)CC1,465.1470752,False,130.41,False,2.3863,True,False
CC(C)N1CCN(NC(=O)c2cc(C(=O)O)nn2CC(=O)Nc2ccc(Cl)cn2)CC1,506.2893057,False,87.04,False,3.3651,True,False
CC(C)N1CCC(NC(=O)c2cc(CO)n(CC(=O)Nc3ccc(Cl)cn3)n2)CC1,572.1746656,False,110.61,False,3.4603,True,False
CC(C)N1CCC(NC(=O)c2cc3ccccc3n2CC(=O)Nc2ccc(F)cc2)CC1,506.1390686,False,109.0,False,2.2704,True,False
COC(=O)N1CCC(NC(=O)c2cc3ccccc3n2Cc2cc(-c3ccc(Cl)s3)on2)CC1,477.1891301,False,121.69,False,1.4177,False,False
CC(C)N1CCC(NC(=O)c2cc3cc(C(=O)OC4CCOC4=O)ccc3n2Cc2cc(-c3ccc(Cl)s3)on2)CC1,530.1754542,False,100.51,False,3.9395,True,False
CC(C)N1CCC(NC(=O)c2nc3cccc(OCCO)c3n2CC(=O)Nc2ccc(Br)cn2)CC1,516.1153524,False,63.3,False,6.3155,False,False
CC(C)N1CCC(NC(=O)c2nc3cc(OCc4nn[nH]n4)ccc3n2CC(=O)Nc2ccc(Cl)cn2)CC1,481.1339237,False,76.19,False,4.8095,False,False
COc1ccc2ccc(S(=O)(=O)N(C)C3CCN(Cc4ccc5ccnc(N)c5c4)C3=O)cc2c1,531.0801739,False,113.49,False,4.5708,False,False
O=C(Cn1nc(C(=O)N2CCC(N3CCCC3=O)CC2)c2ccccc21)Nc1ccc(Cl)cn1,495.167332,False,116.56,False,3.3832,True,False
O=C(NCCS(=O)(=O)Nc1ccc(-n2ccncc2=O)cc1)c1ccc(Cl)s1,516.1710375,False,96.5,False,3.7498,True,False
CC(OC(=O)OC1CCCCC1)OC(=O)c1ccc2c(c1)nc(C(=O)NC1CCN(C(C)C)CC1)n2CC(=O)Nc1ccc(Cl)cn1,449.1578299,False,132.69,False,0.9392,False,False
O=C(Nc1ccc(N2CCCCC2)cc1)c1nn(Cc2cc(-c3ccc(Cl)s3)on2)c2ccccc12,434.1833164,False,112.38,False,1.6651,False,False
O=C1CN(S(=O)(=O)c2cc3ccc(Cl)cc3s2)CCN1CC1CCN(c2ccnc(NCCO)n2)CC1,436.2274544,False,66.37,False,4.0217,False,False
CC(C)N1CCC(NC(=O)c2cc3c(C(=O)N4CCC(F)(F)CC4)cccc3n2CC(=O)Nc2ccc(Cl)cn2)CC1,498.1128539,False,89.6,False,5.0201,False,False
COCCN(CCOC)C(=O)c1cc(C(=O)NC2CCN(C(C)C)CC2)n(Cc2cc(-c3ccc(Cl)s3)on2)n1,610.1652834,False,115.9,False,5.1344,False,False
COCCOc1nccc2nc(C(=O)NC3CCN(C(C)C)CC3)n(CC(=O)Nc3ccc(Cl)cn3)c12,558.1590156,False,121.61,False,2.8062,True,False
COCCOCCOc1cc2cc(C(=O)NC3CCN(C(C)C)CC3)n(CC(=O)Nc3ccc(Cl)cn3)c2cn1,552.2112625,False,155.84,False,2.4181,True,False
Nc1ncnc2cc(CN3C(=O)CN(S(=O)(=O)c4cc5ccc(Cl)cc5s4)CC3CN3CCCC3)ccc12,490.1674763,False,105.83,False,3.4004,True,False
COC(=O)c1ccc2c(cc(C(=O)NC3CCN(C(C)C)CC3)n2Cc2cc(-c3ccc(Cl)s3)on2)n1,480.1676663,False,100.43,False,2.9504,True,False
CC(C)OC(=O)c1ccc2c(c1)cc(C(=O)NC1CCN(C(C)C)CC1)n2CC(=O)Nc1ccc(Cl)cc1,438.0223246,False,110.16,False,2.1191,True,False
CN(C)C(=O)c1csc(CN2C(=O)CN(S(=O)(=O)c3cc4ccc(Cl)cc4s3)CC2CO)n1,668.2725253,False,153.98,False,5.3147,False,False
N=C(N)c1cccc(C2CCN(C(=O)c3ccc(-c4ccc(O)nc4)cc3)CC2)c1,514.1190019,False,134.51,False,2.3948,True,False
COC(=O)c1ccc2c(c1)cc(C(=O)NC1CCN(C(C)C)CC1)n2CC(=O)Nc1ccc(Cl)cn1,517.1339237,False,76.19,False,6.6971,False,False
COc1ccc2ccc(S(=O)(=O)NC3CCN(Cc4ccc5c(N)ncnc5c4)C3=O)cc2c1,564.1380231,False,118.97,False,2.4984,True,False
CC(C)N1CCC(NC(=O)c2cc(C(=O)OCCO)nn2CC(=O)Nc2ccc(Cl)cn2)CC1,600.2427231,False,99.57,False,4.8023,False,False
CN1CCN(CC2CN(S(=O)(=O)c3cc4ccc(Cl)cc4s3)CC(=O)N2Cc2ccc3c(N)ncnc3c2)CC1,592.223467,False,114.96,False,3.6389,True,False
CC(C)N1CCC(NC(=O)c2cnc(C(=O)N3CCCOCC3)n2Cc2cc(-c3ccc(Cl)s3)on2)CC1,529.2204302,False,123.5,False,2.7462,True,False
CC(C)N1CCC(NC(=O)c2cc(C(=O)O)nn2Cc2cc3ccc(Cl)cc3s2)CC1,572.251396,False,119.84,False,3.3678,True,False
CCN(CC)C(=O)N1CCN(C(=O)c2nc3ccccc3n2Cc2cc(-c3ccc(Cl)s3)on2)CC1,570.1274584,False,112.73,False,3.5776,True,False
CC(C)N1CCC(NC(=O)c2nc3c(C(=O)OCC(=O)O)cccc3n2Cc2cc(-c3ccc(Cl)s3)on2)CC1,541.1550531,False,102.49,False,4.8437,False,False
CC(C)N1CCC(CNC(=O)c2nccn2Cc2cc(-c3ccc(Cl)s3)on2)CC1,538.2346833,False,92.67,False,5.1012,False,False
O=C(O)c1cccc2nc(C(=O)NC3CCN(C4CC4)CC3)n(Cc3cc(-c4ccc(Cl)s4)on3)c12,528.0362605,False,111.12,False,2.107,True,False
CC(C)N1CCC(NC(=O)c2cc3cc(OCCOCCO)ncc3n2CC(=O)Nc2ccc(Cl)cn2)CC1,400.189926,True,103.3,False,3.75807,True,False
N=C(N)c1c[nH]c2ccc(CCNC(=O)c3ccc(-c4cnc(N)nn4)cc3)cc12,511.1986321,False,105.56,False,3.7176,True,False
CC(C)N1CCC(NC(=O)c2cc3c(C(=O)N4CCOCC4)cccc3n2Cc2cc3ccc(Cl)cc3s2)CC1,477.1470752,False,127.51,False,2.4532,True,False
CC(C)N1CCC(NC(=O)c2cc3cc(C(=O)O)ccc3n2Cc2cc(-c3ccc(Cl)s3)on2)CC1,492.1887957,False,138.68,False,1.3219,False,False
CC(C)N1CCC(NC(=O)c2nc3cc(OC(C)(C)CO)ccc3n2CC(=O)Nc2ccc(Cl)cn2)CC1,599.1540075,False,115.97,False,2.7292,True,False
CC(C)N1CCC(NC(=O)c2cc(C(=O)NC(C(=O)O)C(F)(F)F)nn2Cc2cc(-c3ccc(Cl)s3)on2)CC1,560.1972522,False,105.73,False,3.7664,True,False
CCOC(=O)C1CCN(C(=O)c2cc(C(=O)NC3CCN(C(C)C)CC3)n(Cc3cc(-c4ccc(Cl)s4)on3)n2)CC1,460.1335893,False,87.46,False,4.1003,False,False
CCOCCOCCOc1cc(C(=O)NC2CCN(C(C)C)CC2)n(Cc2cc(-c3ccc(Cl)s3)on2)n1,526.1553874,False,87.71,False,4.6741,False,False
N=C(N)c1cccc(C2CCN(C(=O)c3ccc(-c4ccncc4)cc3)CC2)c1,585.1448823,False,139.79,False,4.2985,False,False
COCCOCCOCc1cc(C(=O)NC2CCN(C(C)C)CC2)nn1Cc1cc(-c2ccc(Cl)s2)on1,447.1495738,False,76.19,False,4.1515,False,False
CC(C)N1CCC(NC(=O)c2nn(CC(=O)Nc3ccc(Cl)cn3)c3ccc(C(=O)OCCO)cc23)CC1,525.1237529,False,113.49,False,4.5093,False,False
CC(C)N1CCC(NC(=O)c2cc3cc(OCCCO)ncc3n2CC(=O)Nc2ccc(Cl)cn2)CC1,558.2357459,False,130.84,False,2.7137,True,False
O=C(Nc1ccc(N2CCCC2=O)cc1)c1nn(Cc2cc(-c3ccc(Cl)s3)on2)c2ccccc12,400.1760073,True,159.45,False,1.85867,False,False
CCN1CCC(NC(=O)c2cc3cc(OC)ncc3n2Cc2cc(-c3ccc(Cl)s3)on2)CC1,578.2118397,False,66.81,False,5.6327,False,False
Nc1nccc2ccc(C3CCN(C(=O)c4ccc(-c5ccc(=O)[nH]c5)s4)CC3)cc12,526.144154,False,100.6,False,5.3603,False,False
COC(=O)c1cc(C(=O)NC2CCN(C(C)C)CC2)cn1Cc1cc(-c2ccc(Cl)s2)on1,542.2408313,False,121.61,False,3.4757,True,False
COCC1CN(S(=O)(=O)c2cc3ccc(Cl)cc3s2)CC(=O)N1Cc1ccc2c(N)ncnc2c1,602.1326013,False,142.59,False,3.6492,True,False
COc1cccc(Cn2c(C(=O)NC3CCN(C(C)C)CC3)cc3cc(C(=O)N4CC(O)C4)ccc32)c1,616.223467,False,122.8,False,4.3192,False,False
O=CN1CCC(NC(=O)c2cc3ccccc3n2Cc2cc(-c3ccc(Cl)s3)on2)CC1,526.1553874,False,125.28,False,3.7945,True,False
CC(C)N1CCC(NC(=O)c2cc(-c3cccs3)nn2Cc2csc(-c3ccc(Cl)s3)n2)CC1,565.2125679,False,103.88,False,4.3358,False,False
COc1cccc(Cn2c(C(=O)NC3CCN(C(C)C)CC3)cc3c(OCCCO)cccc32)c1,384.1950114,True,83.07,False,4.05247,False,False
O=C1C(NS(=O)(=O)c2cc3ccc(Cl)cc3s2)CCN1Cc1cc2ccncc2[nH]1,565.2125679,False,103.88,False,4.0835,False,False
COCCOc1cc2c(cn1)nc(C(=O)NC1CCN(C(C)C)CC1)n2CC(=O)Nc1ccc(Cl)cn1,542.2044458,False,138.68,False,2.4751,True,False
O=C(O)c1ccc2c(c1)cc(C(=O)NC1CN(c3ccncc3)C1)n2Cc1cc(-c2ccc(Cl)s2)on1,528.2251812,False,121.61,False,3.0872,True,False
O=C(c1nn(Cc2cc(-c3ccc(Cl)s3)on2)c2ccccc12)N1CCC(N2CCCC2=O)CC1,517.0975382,False,93.26,False,5.8336,False,False
CC(C)N1CCC(NC(=O)c2cc(C(=O)NCC(N)=O)nn2Cc2cc(-c3ccc(Cl)s3)on2)CC1,499.1444884,False,85.42,False,4.6772,False,False
Nc1ncnc2cc(CN3C(=O)CN(S(=O)(=O)c4cc5ccc(Cl)cc5s4)CC3C(=O)O)ccc12,430.1463469,False,92.08,False,4.2536,False,False
O=C(Nc1ccc(N2CCOCC2)cc1)c1nn(Cc2cc(-c3ccc(Cl)s3)on2)c2ccccc12,490.144154,False,89.6,False,4.2955,False,False
O=C(Cn1nc(OCC(F)(F)F)cc1C(=O)Nc1ccc(N2CCOCC2=O)cc1)Nc1ccc(Cl)cn1,531.0801739,False,118.72,False,3.1282,True,False
CCN1CCN(c2ccc(NC(=O)c3nc4ccccc4n3Cc3cc(-c4ccc(Cl)s4)on3)cc2)C(=O)C1=O,504.2736556,False,87.04,False,3.1175,True,False
CC(C)N1CCC(NC(=O)c2nc3c(C(=O)OCCO)cccc3n2Cc2cc(-c3ccc(Cl)s3)on2)CC1,468.1022892,False,80.37,False,4.4101,False,False
CN(C)C(=O)c1csc(CN2CCN(S(=O)(=O)c3cc4ccc(Cl)cc4s3)CC2=O)n1,531.0988011,False,63.05,False,6.1009,False,False
CC(C)N1CCC(NC(=O)c2cc3cc(-c4n[nH]c(=O)o4)ccc3n2Cc2cc(-c3ccc(Cl)s3)on2)CC1,479.2784067,False,75.96,False,4.062,False,False
COCCc1ncc(C(=O)NC2CCN(C(C)C)CC2)n1Cc1cc(-c2ccc(Cl)s2)on1,460.0430601,False,95.16,False,3.5104,True,False
O=C(c1nc2ccccc2n1Cc1cc(-c2ccc(Cl)s2)on1)N1CCN(C(=O)N2CCCC2)CC1,529.2204302,False,123.5,False,2.7462,True,False
COc1ccc2ccc(S(=O)(=O)N(C)C3CCN(Cc4ccc5ccc(N)nc5c4)C3=O)cc2c1,533.0924528,False,113.49,False,4.7713,False,False
COc1cccc(Cn2c(C(=O)NC3CCN(C(C)C)CC3)cc3c(C(=O)N4CC(O)C4)cccc32)c1,509.1288383,False,84.47,False,4.6815,False,False
COc1ccc(-c2ccc(C(=O)N3CCC(O)(c4ccc5ccnc(N)c5c4)CC3)cn2)cn1,533.1612011,False,148.38,False,2.119,True,False
CC(C)N1CCC(NC(=O)c2cc(C(=O)N3CCOCC3)nn2Cc2cc(-c3ccc(Cl)s3)on2)CC1,531.0437884,False,146.79,False,2.5664,True,False
COc1ccc(-c2ccc(C(=O)N3CCC(c4ccc5ccnc(N)c5c4)CC3)cn2)cn1,519.1131882,False,85.42,False,5.5434,False,False
Nc1ccnc2cc(CN3C(=O)CN(S(=O)(=O)c4cc5ccc(Cl)cc5s4)CC3C(=O)O)ccc12,552.1135801,False,127.68,False,3.1268,True,False
CC(C)N1CCC(NC(=O)c2nc3ccc(S(=O)(=O)CCO)cc3n2Cc2cc(-c3ccc(Cl)s3)on2)CC1,574.1190019,False,113.57,False,4.9019,False,False
CC(C)N1CCC(NC(=O)c2cc(C(=O)N3CC(O)C3)nn2Cc2cc3ccc(Cl)cc3s2)CC1,571.1656177,False,122.72,False,4.2062,False,False
CC(C)N1CCC(NC(=O)c2cc3ncccc3n2Cc2cc(-c3ccc(Cl)s3)on2)CC1,498.0256958,False,90.89,False,2.7461,True,False
CC(C)N1CCC(CNC(=O)c2cc(-c3cccs3)nn2Cc2cc(-c3ccc(Cl)s3)on2)CC1,566.150302,False,122.19,False,5.0054,False,False
CC(C)N1CCC(NC(=O)c2ccc(C(=O)N3CCCOCC3)n2CC(=O)Nc2ccc(Cl)cn2)CC1,491.1757885,False,85.42,False,4.0928,False,False
O=C(NC1CCN(c2ccncc2)CC1)c1cc(-c2cccs2)nn1Cc1cc(-c2ccc(Cl)s2)on1,524.1397373,False,87.71,False,4.4281,False,False
COCC1CN(S(=O)(=O)c2cc3ccc(Cl)cc3s2)CC(=O)N1Cc1nc(C(=O)N(C)C)cs1,490.1674763,False,105.83,False,3.4004,True,False
NC(=O)c1cccc(-c2ccc(C(=O)N3CCC(c4ccc5ccnc(N)c5c4)CC3)cc2)c1,504.2736556,False,87.04,False,3.1175,True,False
Nc1ccnc2cc(CN3CCN(S(=O)(=O)c4cc5ccc(Cl)cc5s4)CC3=O)ccc12,455.1957397,False,114.46,False,3.4064,True,False
O=C(CCNC(=O)c1ccc(Cl)cc1)Nc1ccc(-n2ccc(=O)cc2)cc1,546.1816022,False,105.73,False,3.3763,True,False
O=C(c1cc2ccccc2n1Cc1cc(-c2ccc(Cl)s2)on1)N1CCC(Oc2ccncc2)CC1,439.200825,False,94.23,False,4.3024,False,False
CC(C)N1CCC(NC(=O)c2nc3c(CO)cccc3n2CC(=O)Nc2ccc(Cl)cn2)CC1,530.0485394,False,133.9,False,3.1714,True,False
COc1cccc(Cn2c(C(=O)Nc3ccc(-n4ccc(=O)cc4)cc3)nc3ccccc32)c1,591.1376887,False,130.56,False,3.8231,True,False
CC(C)N1CCC(NC(=O)c2nc3c(OCCO)cccc3n2CCc2ccc(Cl)cc2)CC1,515.1757885,False,90.7,False,3.2188,True,False
CC(C)N1CCC(NS(=O)(=O)CCNC(=O)c2ccc(Cl)cn2)CC1,483.1495738,False,76.19,False,5.0571,False,False
O=C(Cn1c(C(=O)N2CCN(C(=O)N3CCCC3)CC2)nc2ccccc21)Nc1ccc(Cl)cn1,529.1372948,False,76.19,False,5.88,False,False
COc1cccc(Cn2c(C(=O)NC3CCN(C(C)C)CC3)c(C)c3ccccc32)c1,530.2408313,False,108.8,False,2.6403,True,False
CC(C)N1CCC(NC(=O)c2nn(Cc3cc(-c4ccc(Cl)s4)on3)c3ccc(C(=O)NCCN4CCOCC4)cc23)CC1,550.1012437,False,89.08,False,5.8236,False,False
COCCOc1cc2nc(C(=O)NC3CCN(C(C)C)CC3)n(CC(=O)Nc3ccc(Cl)cn3)c2cn1,542.0519105,False,100.12,False,2.7611,True,False
CC(C)N1CCC(NC(=O)c2cnc(-c3ccccn3)n2Cc2cc(-c3ccc(Cl)s3)on2)CC1,450.2055761,False,102.31,False,4.6027,False,False
CC(C)N1CCC(NC(=O)c2cc(C(=O)N3CCN(CCO)CC3)nn2Cc2cc(-c3ccc(Cl)s3)on2)CC1,486.0587101,False,96.6,False,3.7182,True,False
CC(C)N1CC(NC(=O)c2cc3ccccc3n2Cc2cc(-c3ccc(Cl)s3)on2)C1,395.1036691,True,80.2,False,3.2495,True,False
COc1cccc(Cn2ccnc2C(=O)NC2CCN(c3ccncc3)CC2)c1,518.1179393,False,73.39,False,6.1381,False,False
CONC(=O)c1ccc2c(c1)c(C(=O)NC1CCN(C(C)C)CC1)nn2Cc1cc(-c2ccc(Cl)s2)on1,484.1989665,False,112.38,False,2.8183,True,False
COc1cccc(Cn2c(C(=O)NC3CCN(C(C)C)CC3)cc3c(OCCO)cccc32)c1,450.1691906,False,78.15,False,4.4964,False,False
COCCNC(=O)c1cc(C(=O)NC2CCN(C(C)C)CC2)n(Cc2cc(-c3ccc(Cl)s3)on2)n1,484.2241186,False,79.62,False,3.9061,True,False
O=C(Nc1ccc(C(=O)N2CCCC2)cc1)c1nn(Cc2cc(-c3ccc(Cl)s3)on2)c2ccccc12,388.1335893,True,91.4,False,1.257,False,False
CC(C)N1CCC(NS(=O)(=O)CCCNC(=O)c2ccc(Cl)s2)CC1,495.1785654,False,103.67,False,2.697,True,False
COC1CN(C(=O)c2ccc(C(=O)NC3CCN(C(C)C)CC3)n2Cc2cc(-c3ccc(Cl)s3)on2)C1,419.2572773,True,46.5,True,4.60922,False,False
CC(C)N1CCC(NC(=O)c2nc3c(C(=O)N4CCC(F)(F)CC4)cccc3n2CC(=O)Nc2ccc(Cl)cn2)CC1,639.2394514,False,117.76,False,4.1191,False,False
Cc1cccc(NC(=O)CN2CCN(c3ccccc3C#N)CC2)c1,358.0639685,True,29.27,False,5.4239,False,False
Cc1ccc(NCCNCc2ccc3ccc(=O)oc3c2)cc1,332.2000968,True,24.3,False,3.50292,True,False
Clc1ccc(N2CCN(Cc3cn4ccccc4n3)CC2)cc1Cl,327.1834437,True,41.93,True,2.9697,True,True
Clc1ccc(CN2CCOC(CSc3ccccc3)C2)cc1,299.188529,False,30.49,False,3.74094,True,False
Cc1nn(-c2ccccc2)cc1CN1CCN(c2ccccc2)CC1,352.1786926,True,50.8,True,3.4057,True,True
c1ccc(OCC2CCC3CN(c4ncccn4)CCN3C2)cc1,427.1662694,False,53.09,True,2.5885,True,False
C#Cc1cc(CN2CCN(c3ccccc3OC)CC2)c2cccccc1-2,369.0855744,True,49.94,True,4.4037,False,False
COc1ccccc1N1CCN(Cc2cn3cc(C)cc(N4CCOCC4)c3n2)CC1,402.2168095,True,50.83,True,3.15922,True,True
COc1ccc(F)cc1OCC1CN(Cc2ccc(Cl)cc2)CCO1,349.1902604,True,46.42,True,2.5981,True,True
CON=C(CCN1CCN(c2ccccn2)CC1)c1cccc(C)c1,305.1182566,False,30.49,False,3.7775,True,False
Cc1ccc(OCCCNCCOc2ccc(Cl)cc2)cc1,309.1841124,False,45.23,True,3.20812,True,False
Clc1cccc(N2CCN(Cc3nc4ccccc4[nH]3)CC2)c1,260.1888634,False,32.34,False,2.8457,True,False
COCCOc1ccccc1OCC1CN(Cc2ccc(Cl)cc2)CCO1,363.1059776,True,21.7,False,4.3417,False,False
Cc1nn2c(C#N)cccc2c1CN1CCN(c2ccc(Cl)cc2)CC1,340.1587061,True,37.49,False,3.5868,True,False
c1ccc(C2=NCCC(CN3CCN(c4ccccc4)CC3)N2)cc1,339.194677,True,44.81,True,2.51312,True,True
O=[N+]([O-])c1ccc(OCCNCCCOc2ccccc2)cc1,350.1298243,True,46.06,True,4.01518,False,False
COc1ccccc1N1CCN(Cc2cn3cc(C)cc(I)c3n2)CC1,413.9860238,True,27.05,False,6.4548,False,False
Clc1ccccc1N1CCN(Cc2nc3ccccc3[nH]2)CC1,393.2416272,True,36.02,False,3.2959,True,False
O=C(NCCCCN1CCN(c2cccc(Cl)c2Cl)CC1)c1cn(-c2ccc([N+](=O)[O-])cc2)nn1,360.1404692,True,23.55,False,4.2642,False,False
O=C(CCCN1CCN(c2ncccn2)CC1)c1ccc(F)cc1,509.3002047,False,74.11,False,3.6656,True,False
O=C1Cc2ccccc2N1CCN1CCN(Cc2ccc(Cl)cc2)CC1,354.1247389,True,40.85,True,3.1224,True,True
CC1Cc2ccccc2N1C(=O)CC1CCN(Cc2ccc(Cl)cc2)CC1,397.1920902,True,26.79,False,3.8255,True,False
COc1ccccc1OCC1CN(Cc2cccc(Cl)c2)CCO1,399.1713548,True,47.02,True,2.4078,True,True
COc1cccc(C(=O)NCCN2CCN(c3cccc4ccccc34)CC2)c1,362.1452843,True,32.34,False,4.4194,False,False
CC1Cc2ccccc2N1C(=O)CC1CCN(Cc2ccc(F)cc2)CC1,413.1870048,True,36.02,False,3.444,True,False
Cc1ccc(N2CCN(Cc3nc4ccccc4[nH]3)CC2)cc1C,372.1685219,True,74.07,False,3.2733,True,False
c1ccc(-n2ccc(CN3CCN(c4ccccn4)CC3)c2)cc1,297.172879,False,32.7,False,3.2258,True,False
Clc1ccc(-c2cc(C3CCN(CCc4ccccc4)CC3)[nH]n2)cc1,338.1994281,True,41.57,True,3.57052,True,True
COc1ccccc1N1CCN(Cc2cnn(-c3ccccc3)c2)CC1,360.1561813,True,35.16,False,3.9039,True,False
Cc1ncccc1OCC1CN(Cc2ccc(Cl)cc2)CCCO1,318.1844467,False,24.3,False,3.1945,True,False
COc1cccc(OCC2CN(Cc3ccc(Cl)cc3)CCO2)c1OC,326.1298243,True,23.78,False,3.3099,True,False
Cc1c(C2CCN(CCc3ccccc3)CC2)noc1-c1ccc(Cl)cc1,369.1607901,True,26.79,False,3.0469,True,False
N#Cc1ccc2[nH]c(CN3CCN(c4ccc(Cl)cc4)CC3)cc2c1,345.1495567,True,21.7,False,4.1822,False,False
Cc1c(-c2ccccc2)cnn1C1CCN(Cc2cccc(Cl)c2)CC1,367.2059907,True,26.79,False,2.9211,True,False
c1ccc(N2CCN(Cc3ccn(-c4ccccc4)c3)CC2)cc1,518.1987764,False,97.87,False,3.5683,True,False
Clc1ccc(N2CCN(Cc3cnn4c(-c5ccccc5)cccc34)CC2)cc1,322.1793613,True,33.01,False,2.6651,True,False
O=C(NC1CCN(Cc2ccc3c(c2)OCO3)C1)c1ccc(-c2cccs2)cc1,458.2481898,False,42.32,True,5.3513,False,False
Cc1nn(C2CCN(Cc3cccc(C#N)c3)CC2)cc1-c1ccccc1,315.138992,False,12.47,False,4.1736,False,False
O=C(Nc1nccc2ccccc12)NC1CCN(Cc2ccccc2)CC1,373.1557047,True,44.81,True,2.9006,True,True
NCCc1ccc(O)c(O)c1,285.172879,False,30.49,False,3.43252,True,False
COc1ccccc1N1CCN(Cc2cn(-c3ccccc3)nn2)CC1,418.0654446,True,35.16,False,3.4897,True,False
O=C(NC1CCN(Cc2ccccc2)C1)c1ccc(-c2ccc(F)cc2)cc1,377.1393859,True,40.16,True,3.637,True,True
Cc1ccc(CN2CCOC(CSc3ccccc3)C2)cc1C,347.1288212,True,30.93,False,3.6284,True,False
COc1ccccc1N1CCN(Cc2cc(CN3CCN(c4ccccc4OC)CC3)c3cccccc2-3)CC1,351.194677,True,44.81,True,2.95654,True,True
NC(=O)c1ccccc1OCCCN1CCN(c2cccc3c2ccn3S(=O)(=O)c2ccccc2)CC1,351.1250733,True,47.57,True,3.18158,True,True
O=C(CN1CCN(Cc2ccc(Cl)cc2)CC1)N1CCc2ccccc21,326.1298243,True,23.78,False,3.3099,True,False
CON=C(CCN1CCN(c2ccccn2)CC1)c1cc(F)cc(F)c1,356.123784,True,36.44,False,3.1942,True,False
Oc1ccc(CN2CCOC(CCc3ccccc3)C2)cc1,361.0861009,True,36.67,False,3.3583,True,False
N#Cc1cnn2ccc(OCCCCN3CCN(c4cccc(Cl)c4Cl)CC3)cc12,299.1685425,False,12.47,False,3.6593,True,False
FC(F)(F)c1nc2c(-[n+]3cc[n+](Cc4ccccc4)cc3)cccc2[nH]1,376.1609344,True,32.34,False,4.72782,False,False
Clc1ccc(N2CCN(Cc3c[nH]c4ccccc34)CC2)cc1,360.1160041,True,6.48,False,4.9191,False,False
COc1cccc(C(=O)NCCN2CCN(c3cccc(Cl)c3Cl)CC2)c1,356.1888634,True,32.34,False,4.3579,False,False
Clc1ccc2[nH]ccc2c1N1CCN(Cc2ccccc2)CC1,315.138992,False,12.47,False,4.1736,False,False
Oc1ccc2c(c1)CCN2,363.2310625,True,26.79,False,3.09042,True,False
COc1ccccc1N1CCN(Cc2cn3cc(I)ccc3n2)CC1,321.1841124,True,41.15,True,3.3965,True,True
COc1cc(Cl)ccc1CN1CCN(CC(=O)N2c3ccccc3CC2C)CC1,465.27399,False,64.88,False,3.9966,True,False
CC1SC2(CCCC2)C(=O)N1CCCCN1CCN(c2csc3cc(F)ccc23)CC1,292.1687966,False,35.16,False,2.8851,True,False
CCOc1cc(Cl)ccc1OCC1CN(Cc2ccc(Cl)cc2)CCCO1,274.1139842,False,26.71,False,2.7759,True,False
COc1cc(Cl)cc(OCC2CN(Cc3ccccc3)CCO2)c1,443.1279657,False,56.8,True,4.49398,False,False
Cc1ccc(OCCNCCCOc2cccc(C)c2)cc1,356.1888634,True,32.34,False,4.3579,False,False
COc1ccccc1OCCNCCc1ccc(O)c(O)c1,340.0800972,True,16.13,False,5.239,False,False
C=CC1Cc2ccccc2N1C(=O)CN1CCN(Cc2ccc(Cl)cc2)CC1,395.105499,True,30.93,False,4.6719,False,False
Ic1ccc(N2CCN(Cc3c[nH]c4ncccc34)CC2)cc1,337.251798,True,31.92,False,4.8795,False,False
COc1ccccc1N1CCN(Cc2cn3cc(C)cc(C#N)c3n2)CC1,329.1891977,True,31.92,False,4.4509,False,False
CCC1Cc2ccccc2N1C(=O)CN1CCN(Cc2ccc(C)cc2)CC1,401.1061677,True,35.58,False,3.5267,True,False
COc1cccc(C(=O)NCCN2CCN(c3ccccc3Cl)CC2)c1,392.1170667,True,40.96,True,3.9512,True,True
COc1ccc(OCCNCCCOc2ccccc2)cc1,391.155036,True,40.16,True,3.645,True,True
CC1Cc2ccccc2N1C(=O)CN1CCN(Cc2ccccc2Cl)CC1,339.194677,True,44.81,True,2.2472,True,True
COc1ccccc1C=CC1CN(Cc2ccc(Cl)cc2)CCO1,339.194677,True,44.81,True,2.76432,True,True
CC1Cc2ccccc2N1C(=O)CN1CCN(Cc2ccc(F)cc2)CC1,316.1939488,False,8.17,False,4.8569,False,False
Cc1ccc(C)c(C(=O)CCCN2CCC(c3ccc(Cl)cc3)CC2)c1,373.1557047,True,44.81,True,2.9006,True,True
O=c1sc2ccccc2n1CCN1CCN(Cc2ccc(Cl)cc2)CC1,357.1356379,True,45.9,True,2.7135,True,True
COC(=O)C1Cc2ccccc2N1C(=O)CN1CCN(Cc2ccc(C)cc2)CC1,409.1936315,True,52.88,True,2.9983,True,True
Cc1ccc(OCCNCCCOc2ccccc2)cc1C,390.149891,True,32.34,False,5.0113,False,False
N#Cc1cccc2c(CN3CCN(c4ccc(Cl)cc4)CC3)cnn12,305.1182566,False,30.49,False,3.7775,True,False
COc1ccccc1C1CCN(CNC(=O)c2cccc(C)c2)CC1,423.2092815,False,52.88,True,3.3884,True,False
Cc1ccc(CN2CCN(CC(=O)N3c4ccccc4CC3C)CC2)cc1F,319.1796957,False,37.19,False,2.5895,True,False
COc1ccccc1N1CCN(Cc2cn3cc(C)cc(-c4ccccc4)c3n2)CC1,387.1713548,True,44.81,True,3.2907,True,True
COc1ccccc1N1CCN(Cc2cn3cc(C)cc(-n4cccn4)c3n2)CC1,395.105499,True,30.93,False,4.6719,False,False
Oc1cc(Cl)ccc1NCC1CN(Cc2ccc(Cl)cc2)CCO1,303.1634572,False,30.49,False,3.57162,True,False
O=C1Cc2c(cccc2OCCNCc2ccccc2)N1,407.2208918,True,58.81,True,4.4017,False,False
COc1ccccc1N1CCN(CNC(=O)c2cccc(C)c2)CC1,263.1422475,False,31.92,False,3.1212,True,False
CSc1ccccc1N1CCN(CCCNC(=O)c2cnn3ccccc23)CC1,375.1401349,True,40.54,True,4.4256,False,False
C#Cc1cccc2c(CN3CCN(c4ccc(Cl)cc4)CC3)cnn12,342.1855896,True,41.49,True,2.5953,True,True
O=C(NC1CCN(Cc2ccccc2)C1)c1cccc(-c2ccsc2)c1,322.1793613,True,44.39,True,2.8937,True,True
Nc1nc(-c2ccc(Cl)cc2)cc(C2CCN(Cc3ccccc3)CC2)n1,340.0800972,True,16.13,False,5.239,False,False
COc1ccccc1N1CCN(Cc2cn3cc(C)cc(Br)c3n2)CC1,461.1385304,False,65.6,False,4.4304,False,False
CCOc1ccc(Cl)cc1OCC1CN(Cc2ccc(Cl)cc2)CCCO1,337.1920902,True,35.58,False,3.0144,True,False
C1=C(c2nc3ccccc3s2)CCN(Cc2ccccc2)C1,319.2048478,False,31.92,False,4.3593,False,False
CCOCCn1cc(CCCOc2ccc(CN3CCN(c4ccccc4OC)CC3)cc2OC)nn1,285.172879,False,30.49,False,3.43252,True,False
O=C(CCCN1CCCN(c2ccc(Cl)cc2)CC1)c1ccc(F)cc1,301.1677936,False,39.72,False,3.1327,True,False
COc1ccc(N)cc1OCC1CN(Cc2ccc(Cl)cc2)CCO1,315.1735477,False,21.06,False,4.1616,False,False
Cc1ccc(C)c(N2CCN(Cc3nc4ccccc4[nH]3)CC2)c1,395.0382268,True,41.49,True,3.4802,True,True
Cc1ccc(OCCCNCCOc2ccccc2)cc1,367.2059907,True,26.79,False,2.9211,True,False
CCc1c(C2CCN(Cc3ccccc3)CC2)n[nH]c1-c1ccc(Cl)cc1,366.2107417,True,23.55,False,4.4056,False,False
COc1ccccc1N1CCN(Cc2cc(CN3CCOCC3)c3cccccc2-3)CC1,422.2384734,False,72.6,False,1.7062,False,False
Fc1ccc(OCCCNCCOc2ccc(Cl)cc2)cc1,383.1764401,True,26.79,False,3.4354,True,False
O=C(NC1CCN(Cc2ccc(F)cc2)C1)c1ccc(-c2cccs2)cc1,313.1677936,False,30.93,False,2.975,True,False
Fc1ccc2c(CN3CCOC(COc4cccc(Cl)n4)C3)c[nH]c2c1,352.1609344,True,15.71,False,4.6222,False,False
CC(C)c1ccc(Cl)cc1CN1CCN(CC(=O)N2c3ccccc3CC2C)CC1,398.1693511,True,23.78,False,3.8551,True,False
CCOc1ccccc1N1CCN(Cc2cccnc2)CC1,378.1611244,True,55.04,True,4.7588,False,False
COc1ccccc1N1CCN(Cc2cc(CO)c3cccccc2-3)CC1,536.3151265,False,31.42,False,5.453,False,False
COc1ccccc1N1CCN(Cc2cnn(-c3ccccn3)c2)CC1,358.2045135,True,15.71,False,4.6844,False,False
Cc1ccc(OCCNCCCOc2ccccc2C)cc1,287.1521435,False,50.72,True,2.8297,True,False
Fc1cccc(F)c1CN1CCOC(CCc2ccccc2)C1,332.1888634,True,15.71,False,4.1222,False,False
CCOc1ccccc1N1CCN(Cc2c[nH]c3ccccc23)CC1,365.1602636,True,21.7,False,4.4188,False,False
N#CC(C#N)=Cc1cc(CN2CCN(c3ccc(Cl)cc3)CC2)c[nH]1,376.2514636,True,23.55,False,4.88334,False,False
c1ccc(-c2nc(CN3CCN(c4ccccn4)CC3)c[nH]2)cc1,375.1513683,True,28.6,False,3.8537,True,False
c1ccc(CCN2CCC(c3cc(C4CCCCC4)n[nH]3)CC2)cc1,317.1640456,False,69.85,False,2.76746,True,False
CCOc1ccccc1OCC1CN(Cc2ccc(Cl)cc2Cl)CCO1,408.2080746,True,24.3,False,5.0607,False,False
Cc1nn(C2CCN(Cc3ccccc3)CC2)cc1-c1ccccc1,283.1936144,False,21.26,False,3.98632,True,False
Cc1ccc(N2CCN(Cc3ccc4c(c3)NC(=O)CO4)CC2)cc1,383.1764401,True,26.79,False,3.4354,True,False
Clc1ccc2nc(CN3CCN(c4ccc(Cl)c(Cl)c4)CC3)cn2n1,352.1454744,True,24.3,False,3.8479,True,False
Clc1ccc(N2CCN(Cc3cn4nc(Cl)ccc4n3)CC2)cc1,382.1811912,True,23.55,False,4.9199,False,False
COc1ccccc1N1CCN(Cc2cn3ccccc3n2)CC1,394.1214834,True,46.94,True,3.7314,True,True
c1ccc2c(c1)CCN(Cc1c[nH]c3ncccc13)C2,321.0799529,True,19.37,False,3.7106,True,False
FC(F)(F)c1nc2c(OCCNCc3ccccc3)cc(Cl)cc2[nH]1,316.1687966,False,33.95,False,3.5566,True,False
COc1cccc(C(=O)NCCCCN2CCN(c3cccc4ccccc34)CC2)c1,369.2052417,True,54.04,True,2.2558,True,True
Clc1cccc(CN2CC=C(c3nc4ccccc4s3)CC2)c1,517.139593,False,109.43,False,3.8145,True,False
Clc1ccc(CN2CC=C(c3nc4cc(Cl)ccc4o3)CC2)cc1,291.1735477,False,22.27,False,3.4901,True,False
COc1ccccc1N1CCN(CCCCNC(=O)c2cc3ccccn3n2)CC1,334.1905947,True,60.94,False,2.49732,True,False
O=c1ccc2ccc(CN3CC=C(c4ccccc4)CC3)cc2o1,283.1320768,False,70.17,False,2.4371,True,False
COc1cc(CN2CCN(c3ccccc3OC)CC2)ccc1OCCF,374.2005709,True,34.17,False,3.3743,True,False
Oc1nc2c(OCCNCc3ccccc3)cccc2[nH]1,350.1298243,True,46.06,True,4.01518,False,False
CCOc1ccccc1OCC1CN(Cc2ccc(Cl)cc2)CCO1,448.0760093,False,33.01,False,3.2697,True,False
O=C(CCCN1CCN(c2ccc(Cl)cc2)CC1)c1ccc(F)cc1,350.1298243,True,46.06,True,4.01518,False,False
COc1ccccc1N1CCN(Cc2cc(CN(C)C)c3cccccc2-3)CC1,388.2011594,True,50.83,True,2.8508,True,True
CC1Cc2ccccc2N1C(=O)CN1CCN(Cc2ccc(Cl)cc2)CC1,319.1796957,False,48.05,True,2.7939,True,False
c1ccc(N2CCN(Cc3cn(-c4ccccc4)nn3)CC2)cc1,336.183778,True,41.57,True,3.70552,True,True
COc1ccc(N2CCN(CCC3OCCc4ccccc43)CC2)cc1,378.2307282,True,32.78,False,4.2751,False,False
Cc1c(CN2CCN(c3ccccc3)CC2)cnn1-c1ccccc1,280.1211778,False,54.27,True,3.317,True,False
Oc1ccc(N2CCN(Cc3cnn(-c4ccc(Cl)cc4)c3)CC2)cc1,337.179027,True,44.81,True,2.64812,True,True
Cc1ccc(C(=O)NCN2CCN(c3ccccc3C#N)CC2)cc1,369.0840597,True,22.27,False,4.2526,False,False
COc1ccc(CCN2CCC(Nc3nc4ccccc4n3Cc3ccc(F)cc3)CC2)cc1,322.1793613,True,44.39,True,2.8937,True,True
COc1cccc(C(=O)NCCCCN2CCN(c3ccccc3OC)CC2)c1,368.1291556,True,36.69,False,4.07702,False,False
COc1ccccc1N1CCN(Cc2cc3c(=O)[nH]c(N(C)C)nc3[nH]2)CC1,310.1593748,False,35.16,False,3.0242,True,False
Cc1c(-c2ccccc2)n[nH]c1C1=CCN(CCc2ccccc2)CC1,407.2208918,True,53.09,True,2.24352,True,True
Clc1ccc(CN2CC=C(c3nc4ccccc4s3)CC2)cc1,319.1339066,False,30.49,False,4.08592,False,False
CCOc1cc(Cl)ccc1OCC1CN(Cc2ccc(Cl)cc2)CCO1,281.1779644,False,12.47,False,3.5202,True,False
Clc1ccc(-n2cc(CCCN3CCN(c4ccccc4)CC3)cn2)cc1,397.2365419,True,54.04,True,3.036,True,True
Clc1ccc(-n2cc(COCCCN3CCN(c4ccccc4)CC3)cn2)cc1,334.1593748,True,46.06,True,3.50088,True,True
COc1ccccc1N1CCN(CC(=O)Nc2cccc(C)c2)CC1,350.1994281,True,41.57,True,4.01394,False,False
Clc1ccccc1OCCNCCCOc1ccccc1,365.0516625,True,23.55,False,3.5429,True,False
CCCNC1CCc2nc(N)sc2C1,395.1764401,True,26.79,False,3.6015,True,False
COc1ccc(N2CCN(Cc3ccc4c(c3)OCC(=O)N4)CC2)cc1,415.1162059,True,30.93,False,4.6472,False,False
Cc1cccc(OCCNCCCOc2ccccc2)c1,417.1374678,True,26.79,False,4.0888,False,False
Oc1ccc2c(c1)OC(CNCCN1CCN(c3ccc(I)cc3)CC1)CC2,360.1761678,True,41.49,True,2.7344,True,True
Clc1ccc(N2CCN(Cc3cn4ccccc4n3)CC2)cc1,334.1793613,True,59.37,True,2.3762,True,True
Clc1ccc(COC(Cn2ccnc2)c2ccc(Cl)cc2Cl)cc1,356.1291556,True,37.49,False,4.1011,False,False
Cc1ccc(N2CCN(Cc3ccc4ccc(=O)oc4c3)CC2)cc1Cl,395.0382268,True,41.49,True,3.4802,True,True
Clc1ccc(-n2cc(CCCCCN3CCN(c4ccccc4)CC3)cn2)cc1,352.1786926,True,50.8,True,3.4057,True,True
Clc1ccc(-n2cc(CCCCN3CCN(c4ccccc4)CC3)cn2)cc1,311.188529,False,21.7,False,3.5288,True,False
Cc1ccc(C2CCN(Cc3ccc4c(c3)OCC(=O)N4)CC2)cc1C,395.105499,True,30.93,False,4.6719,False,False
CCOc1ccccc1OCC1CN(Cc2ccc(F)cc2)CCO1,336.1750249,True,24.3,False,3.3336,True,False
Cc1c(C2CCN(CCc3ccccc3)CC2)n[nH]c1-c1ccc(Cl)cc1,402.0901832,True,34.59,False,4.8214,False,False
C[Si](C)(C)c1cccc2c(CN3CCN(c4ccc(Cl)cc4)CC3)cnn12,344.1900063,True,24.94,False,3.3657,True,False
O=C1Cc2c(cccc2N2CCN(Cc3ccccc3)CC2)N1,377.2467126,True,26.79,False,3.48052,True,False
N#Cc1ccccc1N1CCN(CNC(=O)c2ccc(Cl)cc2)CC1,481.2689046,False,74.11,False,3.233,True,False
COc1cccc(C(=O)NCCCCN2CCN(c3noc4ccccc34)CC2)c1,443.1279657,False,56.8,True,4.49398,False,False
COc1cccc(C(=O)NCCCN2CCN(c3cccc(Cl)c3Cl)CC2)c1,351.1502254,True,31.92,False,5.1097,False,False
O=C(NC1CCN(Cc2ccccc2)C1)c1ccc(-c2ccc(Cl)cc2)cc1,299.188529,False,30.49,False,3.74094,True,False
Cc1cccc(NC(=O)CN2CCC(c3ccccn3)CC2)c1,444.2889118,False,22.19,False,3.8696,True,False
COc1ccccc1N1CCN(CCCNC2=Nc3ccccc3OC2)CC1,319.1339066,False,30.49,False,4.08592,False,False
Cc1c(C2CCN(Cc3ccccc3)CC2)n[nH]c1-c1ccccc1,347.1288212,True,30.93,False,3.6284,True,False
COc1ccc([N+](=O)[O-])cc1OCC1CN(Cc2ccc(Cl)cc2)CCO1,386.1397203,True,54.72,True,3.89018,True,True
COc1ccccc1N1CCN(Cc2ccc3cccccc2-3)CC1,320.2000968,True,35.16,False,3.50194,True,False
COc1ccc(Cl)cc1CN1CCN(CC(=O)N2c3ccccc3CC2C)CC1,425.2233903,False,26.79,False,4.5588,False,False
O=C(CCCN1CCC(n2c(O)nc3ccccc32)CC1)c1ccc(F)cc1,461.1970829,False,26.79,False,5.1768,False,False
Clc1ccc(OCCNCCCOc2ccccc2)cc1,322.2045135,True,15.71,False,3.6662,True,False
CCCCn1cc(CCCOc2ccc(CN3CCN(c4ccccc4OC)CC3)cc2OC)nn1,301.1500354,False,21.26,False,4.14582,False,False
Oc1ccccc1N1CCN(Cc2cccs2)CC1,381.1551782,True,30.93,False,3.9938,True,False
c1ccc(CCCNCCCOc2ccccc2)cc1,343.1339066,True,21.7,False,4.2628,False,False
Oc1ccc(OCCNCCCOc2ccccc2)cc1,318.1844467,False,35.16,False,3.3989,True,False
COc1ccccc1SCC1CN(Cc2ccc(Cl)cc2)CCO1,400.0898734,True,33.01,False,3.4276,True,False
Cc1ccc(OCCNCCCOc2ccccc2)cc1Cl,397.1920902,True,26.79,False,3.9964,True,False
N#CC(C#N)=Cc1cc(CN2CCN(c3ccccc3)CC2)c[nH]1,359.1652068,True,21.7,False,4.5723,False,False
Cc1cccc2c(CN3CCN(c4ccc(Cl)cc4)CC3)cnn12,369.1607901,True,26.79,False,3.0469,True,False
FC(F)(F)Oc1ccc(CN2CCOC(CCc3ccccc3)C2)cc1,382.2117241,True,80.49,False,1.648,False,False
COc1ccccc1N1CCN(Cc2cn3cc(Br)ccc3n2)CC1,294.1368278,False,54.27,True,2.9947,True,False
Cc1c(C2CCN(Cc3ccccc3)CC2)n[nH]c1-c1ccc(Cl)cc1,431.1663496,False,46.61,True,5.3865,False,False
C#Cc1ccc(C(=O)NCCN2CCN(c3cccc(Cl)c3Cl)CC2)cc1,406.1351136,True,50.8,True,4.1481,False,False
Cc1ccc(N2CCN(CCC3NC(=O)c4ccccc43)CC2)cc1C,346.1448057,True,34.59,False,3.71332,True,False
CCOc1ccccc1N1CCN(Cc2cccs2)CC1,362.1452843,True,32.34,False,4.4194,False,False
O=C1NC(CCN2CCN(c3ccc4ccccc4c3)CC2)c2ccccc21,334.1793613,True,59.37,True,2.6274,True,True
COc1cccc(C(=O)NCCN2CCN(c3ccccn3)CC2)c1,347.1288212,True,30.93,False,3.6284,True,False
COc1ccccc1N1CCN(Cc2cn3nc(Cl)ccc3n2)CC1,317.1640456,False,69.85,False,2.76746,True,False
c1ccc(CCC2CCN(Cc3cc4ccc[nH]c-4n3)CC2)cc1,295.1936144,False,12.47,False,3.82862,True,False
c1ccc(-c2nc(CN3CCN(c4ccccc4)CC3)c[nH]2)cc1,349.1902604,True,46.42,True,2.5981,True,True
CCCc1ccccc1OCC1CN(Cc2ccc(Cl)cc2)CCO1,326.1298243,True,35.16,False,3.5385,True,False
Clc1ccc2[nH]ccc2c1-[n+]1cc[n+](Cc2ccccc2)cc1,375.1601214,True,30.93,False,4.4086,False,False
C#Cc1c[nH]c(CN2CCN(c3ccccc3)CC2)c1,401.1773127,True,75.87,False,2.1601,True,False
COC(=O)C1Cc2ccccc2N1C(=O)CN1CCN(Cc2ccc(Cl)cc2)CC1,381.2216407,True,26.79,False,3.22952,True,False
COc1ccccc1N1CCN(Cc2cn(-c3ccc(OCCCF)cc3)nn2)CC1,384.0908519,True,46.06,True,4.66858,False,False
Clc1ccc(CN2CCC(c3cc(-c4ccc(Cl)cc4)no3)CC2)cc1,211.1143185,False,50.94,True,1.5822,False,False
Brc1ccc(-[n+]2cc[n+](Cc3ccccc3)cc2)c2cc[nH]c12,381.0898489,True,30.93,False,4.2818,False,False
COc1ccc(CN2CCN(CC(=O)N3c4ccccc4CC3C)CC2)cc1,394.1924245,True,24.3,False,4.6706,False,False
COc1ccccc1N1CCN(Cc2ccn(-c3ccccc3)c2)CC1,433.1977117,False,36.02,False,3.6806,True,False
CC1Cc2ccccc2N1C(=O)CN1CCN(Cc2ccc(C(F)(F)F)cc2)CC1,368.140389,True,44.53,True,3.5535,True,True
COc1cccc(C(=O)NCCN2CCN(c3ccc(Cl)cc3)CC2)c1,425.2227034,False,55.65,True,3.3365,True,False
COc1ccccc1N1CCN(CCCCNC(=O)c2cccc3ccnn23)CC1,320.2000968,True,35.16,False,3.50194,True,False
Clc1ccc(N2CCN(Cc3c[nH]c4ncccc34)CC2)cc1,354.1247389,True,59.37,True,2.72118,True,True
CC1Cc2ccccc2N1C(=O)CN1CCN(Cc2cc(Cl)cc(Cl)c2)CC1,347.1997624,True,20.64,False,3.8081,True,False
Oc1ccc2c(c1)OC(CNCc1ccc(I)cc1)CC2,269.1779644,False,21.26,False,3.6779,True,False
CCOc1ccccc1OCC1CN(Cc2ccc(Cl)cc2)CCCO1,345.1740218,True,30.93,False,3.5042,True,False
O=C(NC1CCN(Cc2ccccc2)C1)c1cccc(-c2cccs2)c1,271.1572289,False,30.49,False,3.1241,True,False
COc1ccccc1N1CCN(Cc2c(C)[nH]c3nc(N(C)C)ncc23)CC1,401.1557849,True,40.54,True,4.9566,False,False
Clc1ccc(-c2cc(C3CCN(Cc4ccccc4)CC3)[nH]n2)cc1,336.183778,True,41.57,True,3.70552,True,True
CC(=O)c1ccc(Cl)cc1OCC1CN(Cc2ccc(Cl)cc2)CCCO1,462.0916594,False,33.01,False,3.57812,True,False
Clc1ccc(OCCNCCCSc2ccccc2)cc1,421.2477752,False,45.48,True,2.81012,True,False
COc1cccc(C(=O)NCCN2CCN(c3cccc(Cl)c3)CC2)c1,360.1761678,True,40.96,True,2.9226,True,True
Clc1ccc(CN2CCOC(COc3ccc(Cl)c4cccnc34)C2)cc1,417.1506996,True,46.61,True,4.9964,False,False
O=C(NCN1CCN(c2ccccc2Cl)CC1)c1ccc(Cl)cc1,347.1997624,True,30.17,False,3.6909,True,False
O=C(CCCN1C2CCC1CC(O)(c1ccc(Cl)cc1)C2)c1ccc(F)cc1,335.1997624,True,31.5,False,3.8888,True,False
Fc1ccc2c(CN3CCOC(COc4ccccc4)C3)c[nH]c2c1,325.1345753,True,22.27,False,4.1435,False,False
CCOc1cc(I)ccc1OCC1CN(Cc2ccc(Cl)cc2)CCO1,339.194677,True,44.81,True,2.51312,True,True
Cc1ccc(CCCNCCCOc2ccccc2)cc1,350.1298243,True,23.78,False,3.2912,True,False
COc1ccc(C(F)(F)F)cc1OCC1CN(Cc2ccc(Cl)cc2)CCO1,365.1193994,True,30.93,False,3.7675,True,False
COc1ccc(C2CCN(Cc3ccc4c(c3)OCC(=O)N4)CC2)cc1,377.2467126,True,26.79,False,3.3444,True,False
N#Cc1ccc2[nH]c(CN3CCN(c4ccc(Cl)c(Cl)c4)CC3)cc2c1,362.2358136,True,23.55,False,4.57492,False,False
CCOc1ccc(Cl)cc1OCC1CN(Cc2ccc(Cl)cc2)CCO1,320.2000968,True,30.87,False,2.2272,True,False
COc1cccc(C(=O)NCCCN2CCN(c3ccccc3OC)CC2)c1,323.1088347,True,30.49,False,3.9166,True,False
N#Cc1ccc2cc(CN3CCN(c4ccccc4Cl)CC3)[nH]c2c1,321.0954129,True,21.26,False,4.4908,False,False
Fc1ccc(CN2CCOC(CCc3ccccc3)C2)cc1,407.1167323,True,44.81,True,3.554,True,True
COc1cccc(C(=O)CCCN2CCN(c3ccc(Cl)cc3)CC2)c1,380.1358625,True,32.34,False,4.5585,False,False
N#Cc1ccc2[nH]c(CN3CCN(c4ccccc4)CC3)cc2c1,333.0954129,True,12.47,False,4.3331,False,False
Oc1ccc2c(c1)OC(CNCc1cccc(I)c1)CC2,368.2099928,True,42.01,True,3.4889,True,True
Clc1ccc(N2CCN(Cc3ccc4ccnn4c3)CC2)cc1,468.1888592,False,25.51,False,5.0071,False,False
COc1ccccc1N1CCN(Cc2cc(CN3CCN(C)CC3)c3cccccc2-3)CC1,324.1950114,True,41.49,True,2.4562,True,True
Clc1ccc(N2CCN(Cc3cnn4ccccc34)CC2)cc1,308.1524779,False,54.27,True,3.30312,True,False
Cc1ccc(C)c(CN2CCN(CC(=O)N3c4ccccc4CC3C)CC2)c1,365.1658754,True,21.06,False,5.34902,False,False
Oc1cc(CN2CCN(c3ccc4c(c3)OCCO4)CC2)ccc1F,365.1658754,True,31.92,False,5.1522,False,False
O=c1ccc2ccc(CNCCNc3ccccc3)cc2o1,350.1994281,True,41.57,True,4.01394,False,False
C(=Cc1ccccc1)C1=CCN(CCc2c[nH]c3ncccc23)CC1,361.1244848,True,40.54,True,4.0355,False,False
CC1Cc2ccccc2N1C(=O)CN1CCN(Cc2ccc3c(c2)OCO3)CC1,346.2045135,True,15.71,False,4.5607,False,False
O=C(CCCN1CCC(O)(c2ccc(Cl)cc2)C1)c1ccc(F)cc1,360.1761678,True,41.49,True,2.7344,True,True
CCC(C)(C)C(=O)NCCN1CCN(c2ccc(Cl)cc2)CC1,377.2467126,True,26.79,False,3.39884,True,False
O=C1Cc2c(ccc(Cl)c2N2CCN(Cc3ccccc3)CC2)N1,302.1452843,False,15.71,False,3.469,True,False
Clc1cccc(N2CCN(CCCCOc3ccc4ccnn4c3)CC2)c1Cl,431.2572773,False,28.18,False,3.9544,True,False
C1=C(c2ccccc2)CCN(Cc2ccn(-c3ccccc3)c2)C1,331.2048478,True,21.06,False,4.69562,False,False
CCC(=C(c1ccccc1)c1ccc(OCCN(C)C)cc1)c1ccccc1,377.2467126,True,26.79,False,3.3444,True,False
Fc1ccc2[nH]c(CN3CCN(c4ccccn4)CC3)cc2c1,356.1888634,True,15.71,False,4.1035,False,False
Cc1ccc(CN2CCC(NC(=O)c3cccc(-c4cccs4)c3)C2)cc1,362.1452843,True,32.34,False,4.4194,False,False
CCOc1ccccc1N1CCN(Cc2csc3ccccc23)CC1,321.102178,True,23.55,False,3.4338,True,False
CCCCn1cc(COc2ccc(CN3CCN(c4ccccc4OC)CC3)cc2OC)nn1,407.105499,True,38.77,False,4.8659,False,False
O=Cc1cccc2c(CN3CCN(c4ccc(Cl)cc4)CC3)cnn12,358.1856698,True,15.71,False,3.9444,True,False
Fc1ccccc1N1CCN(Cc2cnn(-c3ccccc3)c2)CC1,402.1611244,True,23.78,False,4.9769,False,False
CC1Cc2ccccc2N1C(=O)CN1CCN(Cc2ccc(OC(F)(F)F)cc2)CC1,362.1452843,True,32.34,False,4.4194,False,False
Fc1ccc(N2CCN(Cc3cn4nc(Cl)ccc4n3)CC2)cc1,303.1470582,False,70.95,False,2.3175,True,False
C1=C(c2ccccc2)CCN(Cc2cn(-c3ccccc3)nn2)C1,380.2324595,True,60.52,False,2.66312,True,False
COc1ccccc1OCC1CN(Cc2ccc(Cl)cc2)CCO1,324.1950114,True,41.49,True,2.4562,True,True
COc1ccccc1N1CCN(Cc2cccc(-c3ccccc3)c2)CC1,407.2321252,True,62.11,False,2.6751,True,False
Cc1ccccc1CN1CCOC(CCc2ccccc2)C1,427.1529898,False,59.22,True,5.1229,False,False
O=C(NC1CCN(Cc2ccccc2)C1)c1ccc(-c2ccsc2)cc1,380.1655411,True,29.27,False,5.72552,False,False
C1=C(c2ccccc2)CCN(Cc2cnn(-c3ccccc3)c2)C1,341.1294899,True,35.58,False,3.1568,True,False
CC(C)(C)c1ccc(C(=O)CCCN2CCC(OC(c3ccccc3)c3ccccc3)CC2)cc1,359.095603,True,22.27,False,4.7969,False,False
COc1ccccc1N1CCN(Cc2cccc(OCCF)c2)CC1,417.2027971,True,26.79,False,3.8008,True,False
CC1Cc2ccccc2N1C(=O)CN1CCN(Cc2cccc(Cl)c2)CC1,362.1452843,True,32.34,False,4.4194,False,False
COc1ccccc1N1CCN(Cc2ccc(OCCF)cc2)CC1,365.1602636,True,21.7,False,4.4188,False,False
N#Cc1ccc2cc(CN3CCN(c4ccccc4)CC3)[nH]c2c1,318.1844467,False,24.3,False,3.1945,True,False
COc1ccccc1OCC1CN(Cc2ccccc2)CCO1,396.1716891,True,33.53,False,3.8645,True,False
Cc1ccc(N2CCN(Cc3ccc4c(c3)OCC(=O)N4)CC2)cc1C,365.1658754,True,21.06,False,5.34902,False,False
CCOc1ccccc1N1CCN(Cc2cccc3ccccc23)CC1,418.0654446,True,23.78,False,3.2611,True,False
c1ccc(CCC2CN(Cc3nc4ccccc4[nH]3)CCO2)cc1,380.1767745,True,24.3,False,4.2805,False,False
Clc1cccc(N2CCN(Cc3cnn4ccccc34)CC2)c1,348.1950114,True,33.53,False,3.2031,True,False
CC1Cc2ccccc2N1C(=O)CC1CCN(Cc2ccc([N+](=O)[O-])cc2)CC1,462.2074059,False,52.57,True,4.7458,False,False
COc1ccccc1N1CCN(CNC(=O)c2ccc(C)cc2)CC1,375.1601214,True,30.93,False,4.407,False,False
COc1cccc(C(=O)NCCCN2CCN(c3ccc(Cl)cc3)CC2)c1,379.2259772,True,36.02,False,2.7906,True,False
Cc1ccc(N2CCN(Cc3ccc4c(c3)NC(=O)CO4)CC2)cc1C,335.1245468,True,49.94,True,3.7503,True,True
Fc1ccc(N2CCN(Cc3cnn(-c4ccccc4)c3)CC2)cc1,323.1633769,True,44.81,True,2.3397,True,True
Cc1ccc(CN2CCC(CC(=O)N3c4ccccc4CC3C)CC2)cc1F,380.0249961,True,27.05,False,5.8014,False,False
CON=C(CCN1CCN(c2ccccn2)CC1)c1cccc(F)c1,413.1870048,True,36.02,False,3.444,True,False
CCCN(CCN1CCN(CCc2c[nH]c3ccccc23)CC1)c1ccc(Br)cc1,349.2154125,True,35.58,False,3.30024,True,False
Clc1ccccc1N1CCN(Cc2cnn3ccccc23)CC1,383.1764401,True,26.79,False,3.4354,True,False
Clc1ccc(CN2CCOC(CCc3ccccc3)C2)cc1,326.1298243,True,23.78,False,3.3099,True,False
Fc1ccc(OCC2CCC3CN(c4ncccn4)CCN3C2)cc1,381.0898489,True,30.93,False,4.2818,False,False
FC(F)(F)c1nc2c(N3CCN(Cc4ccccc4)CC3)cccc2[nH]1,325.1345753,True,22.27,False,4.1435,False,False
COc1ccccc1N1CCN(CCNC2=Nc3ccccc3OC2)CC1,349.2154125,True,35.58,False,3.30024,True,False
Fc1ccc(OCC2CCC3CN(c4ccc(Cl)cn4)CCN3C2)cc1,362.1397203,True,56.95,True,3.2106,True,True
CCC1Cc2ccccc2N1C(=O)CN1CCN(Cc2ccc(Cl)cc2)CC1,358.1692708,True,34.17,False,2.9277,True,False
COc1ccccc1N1CCN(CCCCNS(=O)(=O)c2ccc(F)cc2)CC1,397.1920902,True,26.79,False,3.8255,True,False
COc1ccccc1OCC1CN(Cc2ccc(Cl)c(Cl)c2)CCO1,367.2059907,True,26.79,False,2.9211,True,False
CSc1ccccc1N1CCN(CCCCNC(=O)c2cc3ccccn3n2)CC1,438.001364,False,23.78,False,4.7258,False,False
CCOc1ccccc1OCC1CN(Cc2ccc([N+](=O)[O-])cc2)CCO1,439.0644416,False,30.93,False,3.5796,True,False
Ic1ccc(N2CCN(Cc3cnn4ccccc34)CC2)cc1,326.1298243,True,35.16,False,3.5385,True,False
C#Cc1cccc2c(CN3CCN(c4ccc(Cl)cc4)CC3)c(C)nn12,365.1407233,True,47.57,True,3.49,True,True
CC1c2ccccc2N(C(=O)CN2CCN(Cc3ccc(Cl)cc3)CC2)C1C,314.1782987,False,8.17,False,4.7666,False,False
Cc1c(-c2ccccc2)cnn1C1CCN(Cc2cccc(C#N)c2)CC1,326.1298243,True,23.78,False,3.3099,True,False
c1ccc(N2CCN(Cc3c[nH]c4ncccc34)CC2)cc1,414.1055235,True,33.01,False,3.73602,True,False
COc1cccc(C(=O)NCCN2CCN(c3ccc(Cl)cn3)CC2)c1,387.117211,True,28.48,False,3.5342,True,False
c1ccc(OCC2CCC3CN(c4ccccn4)CCN3C2)cc1,412.2263115,True,33.01,False,4.64052,False,False
c1ccc(C2=NCC(CN3CCN(c4ccccc4)CC3)N2)cc1,357.1841124,True,39.5,False,3.99388,True,False
Fc1ccc(CN2CCN(c3ccc4c(c3)OCCO4)CC2)cc1,379.200825,True,62.11,False,1.8949,False,False
CCOc1cc(C#N)ccc1OCC1CN(Cc2ccc(Cl)cc2)CCO1,379.1815255,True,31.92,False,5.46062,False,False
Fc1ccc(OCC2CCC3CN(c4ccc(F)cc4)CCN3C2)cc1,263.188529,False,41.49,True,3.2557,True,False
O=C1COc2cc(CN3CCN(c4ccc(Cl)cc4)CC3)ccc2N1,296.1888634,False,15.71,False,3.4075,True,False
Cn1c(-c2ccccc2)cn(C2CCN(Cc3ccccc3)CC2)c1=O,417.2416272,True,44.81,True,4.1806,False,False
CCOCCn1cc(COc2ccc(CN3CCN(c4ccccc4OC)CC3)cc2OC)nn1,451.0791112,False,70.67,False,4.08212,False,False
Cc1ccccc1CN1CCN(CC(=O)N2c3ccccc3CC2C)CC1,316.1687966,False,46.06,True,3.36178,True,False
NS(=O)(=O)c1ccc(N2CCN(CCC3OCCc4ccccc43)CC2)cc1,319.2048478,False,31.92,False,4.4077,False,False
CC1Cc2ccccc2N1C(=O)CN1CCN(Cc2cccc(OC(F)(F)F)c2)CC1,305.1182566,False,30.49,False,3.7775,True,False
COc1ccc(CN2CCOC(CCc3ccccc3)C2)cc1,307.1684623,False,35.58,False,2.5034,True,False
COc1cccc(C(=O)NCCN2CCN(c3ccccc3)CC2)c1,285.172879,False,30.49,False,3.43252,True,False
O=C(NC1CCN(Cc2ccccc2)C1)c1ccc(-c2cccs2)cc1,299.1092332,False,49.94,True,3.0202,True,False
Clc1ccc(N2CCN(Cc3cc4ccccn4n3)CC2)cc1,409.121149,True,30.93,False,5.062,False,False
COc1ccc(CN2CCC(CC(=O)N3c4ccccc4CC3C)CC2)cc1,407.2321252,True,62.11,False,2.6751,True,False
c1ccc(C2CCN(Cc3ccn(-c4ccccc4)c3)CC2)cc1,487.0411193,False,30.93,False,4.6231,False,False
Cc1cccc(CN2CCC(CC(=O)N3c4ccccc4CC3C)CC2)c1,366.2055761,True,49.33,True,2.5294,True,True
Clc1ccc(-n2cc(CN3CCN(c4ccccc4)CC3)cn2)cc1,474.2085488,False,49.85,True,4.9282,False,False
O=S1(=O)Cc2ccccc2N1CCN1CCN(Cc2ccc(Cl)cc2)CC1,331.2048478,True,21.06,False,4.69562,False,False
CC1Cc2ccccc2N1C(=O)CC1CCN(Cc2cccc(F)c2)CC1,380.1058333,True,33.73,False,4.3149,False,False
c1ccc(CCC2CCN(Cc3c[nH]c4ncccc34)CC2)cc1,381.0898489,True,30.93,False,4.2818,False,False
Clc1ccc(N2CCN(Cc3cnn(-c4ccccc4)c3)CC2)cc1,353.1739416,True,54.04,True,2.3483,True,True
CCCN(CCC)CCc1cccc2c1CC(=O)N2,381.1852552,True,58.36,True,4.181,False,False
c1ccc(N2CCN(Cc3cnn(-c4ccccn4)c3)CC2)cc1,317.1591207,False,12.47,False,3.7984,True,False
c1ccc(N2CCN(Cc3c[nH]c4ccccc34)CC2)cc1,435.1480325,False,44.81,True,4.3342,False,False
COc1ccccc1C(=O)CCCCCN1CCN(c2noc3ccccc23)CC1,373.1557047,True,44.81,True,2.9006,True,True
Cn1c(=O)cnn(CCCCN2CCN(c3cccc4ccc(O[11CH3])cc34)CC2)c1=O,356.2000968,True,44.85,True,4.5673,False,False
Nc1nc(-c2ccc(F)cc2)c(C2CCN(CCCC(=O)c3ccc(F)cc3)C2)s1,386.0952686,True,29.27,False,6.028,False,False
COc1ccccc1N1CCN(CCNC(=O)c2cnn3ccccc23)CC1,409.121149,True,30.93,False,5.062,False,False
Fc1ccc(OCC2CCC3CN(c4ncc(F)cn4)CCN3C2)cc1,365.1658754,True,31.92,False,5.41812,False,False
Cc1nn(C2CCN(Cc3cccc(Cl)c3)CC2)cc1-c1ccccc1,383.2208918,True,54.04,True,2.6459,True,True
COc1ccccc1N1CCN(Cc2cc(CN3CCN(c4ccc(Cl)cc4)CC3)c3cccccc2-3)CC1,347.1288212,True,30.93,False,3.6284,True,False
COc1ccccc1N1CCN(Cc2nc3ccccc3[nH]2)CC1,342.1855896,True,40.96,True,2.7835,True,True
Cc1ccc(OCCNCCCSc2ccccc2)cc1,306.1190696,False,16.13,False,4.5856,False,False
COc1cc(Cl)ccc1OCC1CN(Cc2ccc(Cl)cc2)CCO1,493.3052901,False,64.88,False,4.4292,False,False
COc1cc(Cl)ccc1OCC1CN(Cc2ccc(Br)cc2)CCCO1,360.1950114,True,57.26,True,4.0209,False,False
c1ccc(CCC2CN(Cc3ccccc3)CCO2)cc1,331.2048478,True,31.92,False,4.76472,False,False
Clc1cccc(OCCNCCCOc2ccccc2)c1,135.0684139,False,32.26,False,1.3602,False,False
COc1ccc(Cl)cc1NCC1CN(Cc2ccc(Cl)cc2)CCO1,362.1452843,True,32.34,False,4.4194,False,False
Cc1ccc(C2CCN(CCC3NC(=O)c4ccccc43)CC2)cc1C,408.2161408,True,70.84,False,3.1686,True,False
CC(C)Oc1ccccc1OCC1CN(Cc2ccc(Cl)cc2)CCO1,540.2655895,False,22.19,False,6.0978,False,False
Cc1c(-c2ccc(Cl)cc2)noc1C1CCN(CCc2ccccc2)CC1,363.2310625,True,26.79,False,3.09042,True,False
CN(C)CCC(=O)OC1(c2ccc(Cl)cc2)CCN(CCCC(=O)c2ccc(F)cc2)CC1,299.188529,False,30.49,False,3.74094,True,False
O=C(NC1CCN(Cc2ccccc2)C1)c1ccc(-c2ccccc2)cc1,362.1452843,True,32.34,False,4.4194,False,False
Clc1ccc2c(CN3CCOC(COc4ccccc4)C3)c[nH]c2c1,421.1323824,False,44.81,True,3.9441,True,False
CCC(=O)OC1(c2ccc(Cl)cc2)CCN(CCCC(=O)c2ccc(F)cc2)CC1,433.1977117,False,36.02,False,3.6806,True,False
Clc1ccc(CN2CC=C(c3nc4cc(Cl)ccc4[nH]3)CC2)cc1,321.1841124,True,41.15,True,3.3965,True,True
COc1cccc(C(=O)CCCN2CCN(c3ccccc3OC)CC2)c1,357.0799529,True,31.92,False,5.159,False,False
COc1ccc(Cl)cc1OCC1CN(Cc2ccccc2)CCO1,380.2212261,True,49.33,True,2.9195,True,True
Cc1ccc(CN2CCN(CC(=O)N3c4ccccc4CC3C)CC2)cc1,348.2201635,True,32.34,False,4.35764,False,False
COc1ccc([N+](=O)[O-])cc1OCC1CN(Cc2ccc(Cl)cc2)CCCO1,374.1509537,True,57.7,True,2.2956,True,True
CNC(=O)C(CCN1CCC(O)(c2ccc(Cl)cc2)CC1)(c1ccccc1)c1ccccc1,360.0908519,True,23.78,False,3.9633,True,False
c1ccc(-c2nc(CN3CCN(c4ncccn4)CC3)c[nH]2)cc1,371.2249145,True,12.47,False,5.9961,False,False
Clc1ccc(-n2cc(COCCN3CCN(c4ccccc4)CC3)cn2)cc1,326.1298243,True,35.16,False,3.5385,True,False
COc1ccccc1OCC1CN(Cc2ccc(C(F)(F)F)cc2)CCO1,319.1796957,False,37.19,False,2.5895,True,False
COc1cccc(C(=O)NCCN2CCN(c3ccccc3OC)CC2)c1,352.2150781,True,24.94,False,3.5213,True,False
Clc1cccc(N2CCN(Cc3c[nH]c4ccccc34)CC2)c1Cl,265.1578976,False,22.27,False,2.3182,True,False
Clc1cccc(N2CCN(Cc3cccnc3)CC2)c1Cl,361.1902604,True,56.8,True,2.8452,True,True
COc1ccc2c(CN3CCOC(COc4ccccc4)C3)c[nH]c2c1,393.2052417,True,45.25,True,2.5107,True,True
OCc1ccc(N2CCN(CCC(O)c3ccc(Cl)cc3)CC2)cc1Cl,380.1655411,True,29.27,False,5.72552,False,False
Clc1ccc(N2CCN(Cc3cn4cc(Br)ccc4n3)CC2)cc1Cl,381.0898489,True,30.93,False,4.2818,False,False
O=C(NC1CCN(Cc2ccccc2)C1)c1cccc(-c2ccccc2)c1,362.2358136,True,23.55,False,4.57492,False,False
N#Cc1cc2cc(OCCCCN3CCN(c4cccc(Cl)c4Cl)CC3)ccn2n1,366.0901832,True,44.73,True,4.0119,False,False
Clc1ccc(N2CCN(CC3CC3c3ccccc3)CC2)c(Cl)c1,372.1604557,True,32.78,False,4.1337,False,False
Cc1ccc(CN2CCC(CC(=O)N3c4ccccc4CC3C)CC2)cc1,282.1368278,False,50.36,True,2.3498,True,False
O=C1COc2cc(CN3CCN(c4ccccc4)CC3)ccc2N1,383.1764401,True,26.79,False,3.4354,True,False
Cc1ccc(C2CCN(Cc3ccc4c(c3)NC(=O)CO4)CC2)cc1C,328.1587061,True,24.94,False,2.9191,True,False
OC(COc1ccccc1)CN1CCC(Oc2ccccc2)CC1,363.0905176,True,35.58,False,3.5029,True,False
COc1ccc(N2CCN(Cc3c[nH]c4ncccc34)CC2)cc1,153.0789786,False,66.48,False,0.599,False,False
CCOc1ccccc1N1CCN(Cc2ccccc2)CC1,395.0471286,True,36.67,False,4.0117,False,False
CON=C(CCN1CCN(c2ccccn2)CC1)c1ccc(Cl)c(Cl)c1,421.183541,False,61.88,False,2.715,True,False
COc1ccccc1N1CCN(Cc2cc3ccccn3n2)CC1,406.1295495,True,74.07,False,3.9267,True,False
Sc1nc2c(OCCNCc3ccccc3)cccc2[nH]1,429.2780127,False,18.95,False,5.1081,False,False
O=c1ccc2ccc(NCCNc3ccccc3)cc2o1,374.1794416,True,32.34,False,4.497,False,False
c1ccc(OCCCNCCOc2ccccc2)cc1,365.1602636,True,21.7,False,4.4188,False,False
COc1cc(I)ccc1OCC1CN(Cc2ccccc2)CCO1,374.1561193,True,23.55,False,4.6543,False,False
COc1cc(CN2CCN(c3ccc4c(c3)OCCO4)CC2)ccc1F,336.1750249,True,24.3,False,3.3336,True,False
CCCCCCNCC1CCc2ccc(O)cc2O1,366.2107417,True,23.55,False,4.4056,False,False
COc1cccc(C(=O)NCCN2CCN(c3ccc(C)cc3)CC2)c1,392.1138995,True,74.07,False,3.5366,True,False
O=C(CCCN1CCC(O)(c2ccc(Cl)cc2)CC1)c1ccc(F)cc1,380.2263918,True,23.55,False,4.71402,False,False
COc1ccc(NS(=O)(=O)c2sc3ccc(Cl)cc3c2C)cc1N1CCNCC1,371.1997624,True,35.58,False,3.8366,True,False
N#Cc1ccc2[nH]c(CN3CCN(c4ccccc4Cl)CC3)cc2c1,362.1994281,True,35.94,False,3.6145,True,False
N#CC(C#N)=Cc1ccc(CN2CCN(c3ccccc3)CC2)[nH]1,351.194677,True,44.81,True,2.95654,True,True
O=C(CN1CCN(Cc2ccc(Cl)cc2)CC1)N1c2ccccc2CC1CO,326.1298243,True,23.78,False,3.3099,True,False
c1ccc(N2CCN(Cc3cnn(-c4ccccc4)c3)CC2)cc1,320.1749446,True,60.94,False,2.1889,True,False
Cc1ccc(OCCNCCCOc2ccccc2)cc1,317.1891977,False,11.41,False,3.7995,True,False
C#Cc1cccc(C(=O)NCCN2CCN(c3cccc(Cl)c3Cl)CC2)c1,405.1277757,True,43.86,True,2.8076,True,True
ON=Cc1cnn2ccc(OCCCCN3CCN(c4cccc(Cl)c4Cl)CC3)cc12,353.2103271,True,44.81,True,2.55562,True,True
Cc1ccc(C2CCN(Cc3ccc4c(c3)NC(=O)CO4)CC2)cc1,344.1536208,True,45.17,True,2.6247,True,True
Cc1ccc(CN2CCC(CC(=O)N3c4ccccc4CC3C)CC2)cc1C,493.1226251,False,47.97,True,3.1022,True,False
CC(=O)OC1(c2ccc(Cl)cc2)CCN(CCCC(=O)c2ccc(F)cc2)CC1,379.1815255,True,31.92,False,5.6721,False,False
COc1cccc(C(=O)NCCCCN2CCN(c3cccc(Cl)c3Cl)CC2)c1,334.2157468,True,30.87,False,2.6173,True,False
Cc1ccc(C2CCN(Cc3ccc4c(c3)OCC(=O)N4)CC2)cc1,340.189926,True,57.7,True,1.6422,False,False
CC1Cc2ccccc2N1C(=O)CC1CCN(Cc2cccc(Cl)c2)CC1,369.1859422,True,20.31,False,5.79934,False,False
FC(F)(F)Oc1cccc(CN2CCOC(CCc3ccccc3)C2)c1,327.1656854,True,12.47,False,4.29654,False,False
Clc1nccc2c(CN3CCN(c4ccccc4)CC3)c[nH]c12,357.1244046,True,44.81,True,2.9931,True,True
Clc1ccc(COC(Cn2ccnc2)c2ccc(Cl)cc2Cl)c(Cl)c1,389.2467126,True,18.95,False,4.1838,False,False
COc1ccc(C2CCN(Cc3ccc4c(c3)NC(=O)CO4)CC2)cc1,334.1793613,True,59.37,True,2.3762,True,True
N#Cc1ccc2[nH]c(CN3CCN(c4ccc(F)cc4)CC3)cc2c1,382.1811912,True,23.55,False,4.9199,False,False
COc1ccccc1CCC1CN(Cc2ccc(Cl)cc2)CCO1,316.1423071,False,73.63,False,3.0323,True,False
CC1Cc2ccccc2N1C(=O)CN1CCN(Cc2cccc(F)c2)CC1,326.1298243,True,35.16,False,3.5385,True,False
Cc1cccc(C(=O)NCN2CCN(c3ccccc3C#N)CC2)c1,343.2048478,True,31.92,False,4.71692,False,False
CC1(C)Cc2ccccc2N1C(=O)CN1CCN(Cc2ccc(Cl)cc2)CC1,384.0908519,True,46.06,True,4.66858,False,False
Brc1ccc(N2CCN(Cc3ccccc3)CC2)c2cc[nH]c12,356.2000968,True,44.85,True,4.5673,False,False
CCc1ccc(CN2CCN(CC(=O)N3c4ccccc4CC3C)CC2)cc1,375.1149827,True,50.38,True,3.6352,True,True
Cc1[nH]c(-c2ccccc2)nc1CN1CCN(c2ncccn2)CC1,326.1298243,True,23.78,False,3.3099,True,False
N#Cc1ccc2cc(CN3CCN(c4ccc(Cl)c(Cl)c4)CC3)[nH]c2c1,344.1900063,True,24.94,False,3.3657,True,False
COc1ccccc1N1CCN(Cc2cn3c(-n4cccn4)cccc3n2)CC1,317.1415788,False,33.45,False,4.0823,False,False
c1ccc(OCC2CCC3CN(c4ccccc4)CCN3C2)cc1,410.1873392,True,33.53,False,4.2546,False,False
FC(F)(F)c1nc2c(OCCNCc3ccccc3)cccc2[nH]1,397.1920902,True,26.79,False,3.8255,True,False
COc1ccccc1N1CCN(Cc2cc(C#N)c3cccccc2-3)CC1,338.2106615,True,40.96,True,2.95282,True,True
COc1ccccc1N1CCN(CCCCN2CCc3ccccc3C2=O)CC1,322.1793613,True,33.01,False,2.6651,True,False
Cc1c(-c2ccccc2)cnn1C1CCN(Cc2ccccc2)CC1,389.2103271,True,44.81,True,3.4004,True,True
Cc1ccc(OCCNCCCOc2ccc(F)cc2)cc1,324.1950114,True,41.49,True,2.4562,True,True
COc1ccccc1N1CCN(Cc2cc(CN3CCCCC3)c3cccccc2-3)CC1,469.2980795,False,29.54,False,7.2176,False,False